candidate_id,site_name,zone_name,ahp_suitability_score,topsis_score,topsis_rank,land_cost_bdt_sqm,distance_to_substation_m,substation_headroom_mva
CS-07,Purbachal_300ft_Site_1,Purbachal_Suburbs,0.874,0.8245,1,50000.0,124.2,22.0
CS-08,Purbachal_300ft_Site_2,Purbachal_Suburbs,0.811,0.7404,2,50000.0,892.9,22.0
CS-04,Uttara_Sec3_Site_2,Uttara,0.812,0.6355,3,110000.0,420.6,12.0
CS-03,Uttara_Sec3_Site_1,Uttara,0.804,0.6087,4,110000.0,824.2,12.0
CS-17,Mohakhali_Terminal_Site_1,Badda_Mohakhali,0.826,0.5999,5,140000.0,237.4,10.0
CS-39,Mirpur_10_Circle_Site_1,Mirpur,0.825,0.5882,6,95000.0,290.8,9.0
CS-40,Mirpur_10_Circle_Site_2,Mirpur,0.831,0.587,7,95000.0,380.5,9.0
CS-58,Jatrabari_Flyover_Hub_Site_2,Jatrabari_Sayedabad,0.814,0.5812,8,85000.0,520.4,9.0
CS-38,Mirpur_1_Site_2,Mirpur,0.796,0.5734,9,95000.0,10.8,8.0
CS-57,Jatrabari_Flyover_Hub_Site_1,Jatrabari_Sayedabad,0.804,0.5681,10,85000.0,677.6,9.0
CS-18,Mohakhali_Terminal_Site_2,Badda_Mohakhali,0.806,0.5639,11,140000.0,678.6,10.0
CS-37,Mirpur_1_Site_1,Mirpur,0.794,0.561,12,95000.0,328.1,8.0
CS-56,Sayedabad_Terminal_Site_2,Jatrabari_Sayedabad,0.817,0.5425,13,85000.0,533.8,7.0
CS-13,Gulshan_1_Site_1,Gulshan_Banani,0.752,0.5406,14,250000.0,439.6,11.5
CS-12,Gulshan_2_Site_2,Gulshan_Banani,0.741,0.5375,15,250000.0,272.1,11.0
CS-21,Hatirjheel_North_Site_1,Badda_Mohakhali,0.776,0.537,16,140000.0,885.8,10.0
CS-05,Uttara_Sec11_Site_1,Uttara,0.7,0.5368,17,110000.0,312.5,10.5
CS-55,Sayedabad_Terminal_Site_1,Jatrabari_Sayedabad,0.818,0.5366,18,85000.0,613.8,7.0
CS-23,Tejgaon_Industrial_Site_1,Kawran_Bazar_Tejgaon,0.695,0.5362,19,150000.0,343.0,11.0
CS-06,Uttara_Sec11_Site_2,Uttara,0.703,0.5302,20,110000.0,661.0,10.5
CS-09,Baridhara_Diplomatic_Site_1,Gulshan_Banani,0.76,0.5279,21,250000.0,645.2,11.0
CS-14,Gulshan_1_Site_2,Gulshan_Banani,0.754,0.5224,22,250000.0,758.6,11.5
CS-25,Kawran_Bazar_CBD_Site_1,Kawran_Bazar_Tejgaon,0.768,0.5172,23,150000.0,309.3,7.0
CS-49,Kamalapur_Railway_Site_1,Motijheel_Dilkusha,0.76,0.5145,24,220000.0,50.8,7.5
CS-10,Baridhara_Diplomatic_Site_2,Gulshan_Banani,0.74,0.514,25,250000.0,698.8,11.0
CS-11,Gulshan_2_Site_1,Gulshan_Banani,0.749,0.5133,26,250000.0,708.9,11.0
CS-22,Hatirjheel_North_Site_2,Badda_Mohakhali,0.736,0.5114,27,140000.0,1305.1,11.0
CS-15,Banani_11_Site_1,Gulshan_Banani,0.77,0.5087,28,250000.0,477.2,9.0
CS-26,Kawran_Bazar_CBD_Site_2,Kawran_Bazar_Tejgaon,0.784,0.5047,29,150000.0,607.3,7.0
CS-50,Kamalapur_Railway_Site_2,Motijheel_Dilkusha,0.756,0.5029,30,220000.0,351.9,7.5
CS-47,Motijheel_CBD_Site_1,Motijheel_Dilkusha,0.719,0.5018,31,220000.0,284.4,8.5
CS-29,Dhanmondi_27_Site_1,Dhanmondi,0.751,0.4981,32,180000.0,522.3,8.0
CS-48,Motijheel_CBD_Site_2,Motijheel_Dilkusha,0.734,0.4898,33,220000.0,345.2,7.5
CS-01,Airport_Hub_Site_1,Uttara,0.741,0.4878,34,110000.0,2071.4,12.0
CS-24,Tejgaon_Industrial_Site_2,Kawran_Bazar_Tejgaon,0.672,0.4858,35,150000.0,816.1,11.0
CS-30,Dhanmondi_27_Site_2,Dhanmondi,0.74,0.4832,36,180000.0,778.7,8.0
CS-16,Banani_11_Site_2,Gulshan_Banani,0.726,0.4795,37,250000.0,606.8,9.0
CS-27,Farmgate_Hub_Site_1,Kawran_Bazar_Tejgaon,0.74,0.4785,38,150000.0,710.8,7.0
CS-44,Gabtoli_Terminal_Site_2,Mirpur,0.783,0.471,39,95000.0,1676.6,8.0
CS-20,Badda_Pragati_Sarani_Site_2,Badda_Mohakhali,0.61,0.4634,40,140000.0,880.2,11.5
CS-02,Airport_Hub_Site_2,Uttara,0.763,0.4589,41,110000.0,2781.7,12.0
CS-28,Farmgate_Hub_Site_2,Kawran_Bazar_Tejgaon,0.738,0.4466,42,150000.0,1235.8,7.0
CS-42,Mirpur_12_Site_2,Mirpur,0.699,0.4461,43,95000.0,1504.9,9.0
CS-46,Shahbagh_Square_Site_2,Kawran_Bazar_Tejgaon,0.754,0.4335,44,150000.0,1482.5,7.0
CS-43,Gabtoli_Terminal_Site_1,Mirpur,0.721,0.4311,45,95000.0,1934.0,8.0
CS-31,Dhanmondi_8A_Site_1,Dhanmondi,0.629,0.4299,46,180000.0,666.4,8.0
CS-32,Dhanmondi_8A_Site_2,Dhanmondi,0.596,0.4246,47,180000.0,516.7,8.0
CS-41,Mirpur_12_Site_1,Mirpur,0.644,0.4232,48,95000.0,1321.5,9.0
CS-19,Badda_Pragati_Sarani_Site_1,Badda_Mohakhali,0.617,0.4223,49,140000.0,1550.2,11.5
CS-52,Old_Dhaka_Lalbagh_Site_2,Old_Dhaka,0.609,0.4199,50,130000.0,221.8,3.5
CS-54,Old_Dhaka_Sadarghat_Site_2,Old_Dhaka,0.735,0.4061,51,130000.0,1948.7,7.0
CS-51,Old_Dhaka_Lalbagh_Site_1,Old_Dhaka,0.61,0.4024,52,130000.0,411.5,3.5
CS-53,Old_Dhaka_Sadarghat_Site_1,Old_Dhaka,0.712,0.3844,53,130000.0,2260.0,7.0
CS-45,Shahbagh_Square_Site_1,Kawran_Bazar_Tejgaon,0.717,0.3535,54,150000.0,1977.0,3.5
CS-35,Mohammadpur_Townhall_Site_1,Dhanmondi,0.591,0.3462,55,180000.0,1387.2,8.0
CS-34,Shyamoli_Square_Site_2,Mirpur,0.648,0.3448,56,95000.0,2520.5,8.0
CS-33,Shyamoli_Square_Site_1,Mirpur,0.583,0.3136,57,95000.0,2472.2,8.0
CS-36,Mohammadpur_Townhall_Site_2,Dhanmondi,0.543,0.2598,58,180000.0,1956.8,8.0
