budget_scenario,budget_cap_bdt,operating_model,status,classification,solution_id,selected_station_ids,charger_allocations_json,upfront_capex_bdt,modeled_coverage_pct,annual_modeled_energy_served_kwh,assumed_tariff_bdt_kwh,assumed_electricity_cost_bdt_kwh,annual_net_operating_surplus_bdt,simple_payback_years,estimated_net_avoided_kg_co2_year
budget_0.5x,1250000000.0,,no_pareto_solution_within_cap,illustrative investment screen; optimizer Pareto set only,,,,,,,,,,,
budget_0.75x,1875000000.0,public_access,screened_pareto_solution,illustrative operating/emissions scenario; assumptions are not measured,SOL-002,CS-01;CS-06;CS-07;CS-09;CS-11;CS-12;CS-15;CS-17;CS-24;CS-31,"{""Type_1_AC_22kW"": 1, ""Type_2_DC_60kW"": 14, ""Type_3_DC_150kW"": 58, ""Type_4_Swap_Depot"": 43}",1339920200.0,22.68,42252407.3,20.0,12.0,316234258.40000004,4.237112723900884,27643298.688649554
budget_0.75x,1875000000.0,commercial,screened_pareto_solution,illustrative operating/emissions scenario; assumptions are not measured,SOL-002,CS-01;CS-06;CS-07;CS-09;CS-11;CS-12;CS-15;CS-17;CS-24;CS-31,"{""Type_1_AC_22kW"": 1, ""Type_2_DC_60kW"": 14, ""Type_3_DC_150kW"": 58, ""Type_4_Swap_Depot"": 43}",1339920200.0,22.68,42252407.3,26.0,12.0,569748702.2,2.351774027437179,27643298.688649554
budget_0.75x,1875000000.0,concessional,screened_pareto_solution,illustrative operating/emissions scenario; assumptions are not measured,SOL-002,CS-01;CS-06;CS-07;CS-09;CS-11;CS-12;CS-15;CS-17;CS-24;CS-31,"{""Type_1_AC_22kW"": 1, ""Type_2_DC_60kW"": 14, ""Type_3_DC_150kW"": 58, ""Type_4_Swap_Depot"": 43}",1339920200.0,22.68,42252407.3,16.0,12.0,147224629.2,9.101195956688477,27643298.688649554
budget_1x,2500000000.0,public_access,screened_pareto_solution,illustrative operating/emissions scenario; assumptions are not measured,SOL-002,CS-01;CS-06;CS-07;CS-09;CS-11;CS-12;CS-15;CS-17;CS-24;CS-31,"{""Type_1_AC_22kW"": 1, ""Type_2_DC_60kW"": 14, ""Type_3_DC_150kW"": 58, ""Type_4_Swap_Depot"": 43}",1339920200.0,22.68,42252407.3,20.0,12.0,316234258.40000004,4.237112723900884,27643298.688649554
budget_1x,2500000000.0,commercial,screened_pareto_solution,illustrative operating/emissions scenario; assumptions are not measured,SOL-002,CS-01;CS-06;CS-07;CS-09;CS-11;CS-12;CS-15;CS-17;CS-24;CS-31,"{""Type_1_AC_22kW"": 1, ""Type_2_DC_60kW"": 14, ""Type_3_DC_150kW"": 58, ""Type_4_Swap_Depot"": 43}",1339920200.0,22.68,42252407.3,26.0,12.0,569748702.2,2.351774027437179,27643298.688649554
budget_1x,2500000000.0,concessional,screened_pareto_solution,illustrative operating/emissions scenario; assumptions are not measured,SOL-002,CS-01;CS-06;CS-07;CS-09;CS-11;CS-12;CS-15;CS-17;CS-24;CS-31,"{""Type_1_AC_22kW"": 1, ""Type_2_DC_60kW"": 14, ""Type_3_DC_150kW"": 58, ""Type_4_Swap_Depot"": 43}",1339920200.0,22.68,42252407.3,16.0,12.0,147224629.2,9.101195956688477,27643298.688649554
budget_1.25x,3125000000.0,public_access,screened_pareto_solution,illustrative operating/emissions scenario; assumptions are not measured,SOL-002,CS-01;CS-06;CS-07;CS-09;CS-11;CS-12;CS-15;CS-17;CS-24;CS-31,"{""Type_1_AC_22kW"": 1, ""Type_2_DC_60kW"": 14, ""Type_3_DC_150kW"": 58, ""Type_4_Swap_Depot"": 43}",1339920200.0,22.68,42252407.3,20.0,12.0,316234258.40000004,4.237112723900884,27643298.688649554
budget_1.25x,3125000000.0,commercial,screened_pareto_solution,illustrative operating/emissions scenario; assumptions are not measured,SOL-002,CS-01;CS-06;CS-07;CS-09;CS-11;CS-12;CS-15;CS-17;CS-24;CS-31,"{""Type_1_AC_22kW"": 1, ""Type_2_DC_60kW"": 14, ""Type_3_DC_150kW"": 58, ""Type_4_Swap_Depot"": 43}",1339920200.0,22.68,42252407.3,26.0,12.0,569748702.2,2.351774027437179,27643298.688649554
budget_1.25x,3125000000.0,concessional,screened_pareto_solution,illustrative operating/emissions scenario; assumptions are not measured,SOL-002,CS-01;CS-06;CS-07;CS-09;CS-11;CS-12;CS-15;CS-17;CS-24;CS-31,"{""Type_1_AC_22kW"": 1, ""Type_2_DC_60kW"": 14, ""Type_3_DC_150kW"": 58, ""Type_4_Swap_Depot"": 43}",1339920200.0,22.68,42252407.3,16.0,12.0,147224629.2,9.101195956688477,27643298.688649554
