day_type,season,hour,modeled_energy_kwh,average_load_kw,hourly_share_pct,classification
weekday,dry,0,1284.1338113207546,1284.1338113207546,1.1320754716981132,assumed hourly profile; no measured charging sessions supplied
weekday,dry,1,963.1003584905659,963.1003584905659,0.8490566037735847,assumed hourly profile; no measured charging sessions supplied
weekday,dry,2,749.0780566037736,749.0780566037736,0.660377358490566,assumed hourly profile; no measured charging sessions supplied
weekday,dry,3,642.0669056603773,642.0669056603773,0.5660377358490566,assumed hourly profile; no measured charging sessions supplied
weekday,dry,4,749.0780566037736,749.0780566037736,0.660377358490566,assumed hourly profile; no measured charging sessions supplied
weekday,dry,5,1284.1338113207546,1284.1338113207546,1.1320754716981132,assumed hourly profile; no measured charging sessions supplied
weekday,dry,6,2675.278773584906,2675.278773584906,2.358490566037736,assumed hourly profile; no measured charging sessions supplied
weekday,dry,7,5350.557547169812,5350.557547169812,4.716981132075472,assumed hourly profile; no measured charging sessions supplied
weekday,dry,8,7490.780566037736,7490.780566037736,6.60377358490566,assumed hourly profile; no measured charging sessions supplied
weekday,dry,9,6955.724811320755,6955.724811320755,6.132075471698113,assumed hourly profile; no measured charging sessions supplied
weekday,dry,10,5885.613301886792,5885.613301886792,5.188679245283018,assumed hourly profile; no measured charging sessions supplied
weekday,dry,11,5350.557547169812,5350.557547169812,4.716981132075472,assumed hourly profile; no measured charging sessions supplied
weekday,dry,12,5136.535245283018,5136.535245283018,4.528301886792453,assumed hourly profile; no measured charging sessions supplied
weekday,dry,13,5350.557547169812,5350.557547169812,4.716981132075472,assumed hourly profile; no measured charging sessions supplied
weekday,dry,14,5564.579849056604,5564.579849056604,4.90566037735849,assumed hourly profile; no measured charging sessions supplied
weekday,dry,15,5885.613301886792,5885.613301886792,5.188679245283018,assumed hourly profile; no measured charging sessions supplied
weekday,dry,16,6420.669056603773,6420.669056603773,5.660377358490566,assumed hourly profile; no measured charging sessions supplied
weekday,dry,17,8025.836320754717,8025.836320754717,7.0754716981132075,assumed hourly profile; no measured charging sessions supplied
weekday,dry,18,10166.059339622641,10166.059339622641,8.962264150943396,assumed hourly profile; no measured charging sessions supplied
weekday,dry,19,9631.00358490566,9631.00358490566,8.49056603773585,assumed hourly profile; no measured charging sessions supplied
weekday,dry,20,7490.780566037736,7490.780566037736,6.60377358490566,assumed hourly profile; no measured charging sessions supplied
weekday,dry,21,5350.557547169812,5350.557547169812,4.716981132075472,assumed hourly profile; no measured charging sessions supplied
weekday,dry,22,3210.3345283018866,3210.3345283018866,2.830188679245283,assumed hourly profile; no measured charging sessions supplied
weekday,dry,23,1819.1895660377359,1819.1895660377359,1.6037735849056605,assumed hourly profile; no measured charging sessions supplied
weekday,monsoon,0,1348.3405018867925,1348.3405018867925,1.1320754716981132,assumed hourly profile; no measured charging sessions supplied
weekday,monsoon,1,1011.2553764150941,1011.2553764150941,0.8490566037735847,assumed hourly profile; no measured charging sessions supplied
weekday,monsoon,2,786.5319594339622,786.5319594339622,0.660377358490566,assumed hourly profile; no measured charging sessions supplied
weekday,monsoon,3,674.1702509433962,674.1702509433962,0.5660377358490566,assumed hourly profile; no measured charging sessions supplied
weekday,monsoon,4,786.5319594339622,786.5319594339622,0.660377358490566,assumed hourly profile; no measured charging sessions supplied
weekday,monsoon,5,1348.3405018867925,1348.3405018867925,1.1320754716981132,assumed hourly profile; no measured charging sessions supplied
weekday,monsoon,6,2809.0427122641513,2809.0427122641513,2.358490566037736,assumed hourly profile; no measured charging sessions supplied
weekday,monsoon,7,5618.085424528303,5618.085424528303,4.716981132075472,assumed hourly profile; no measured charging sessions supplied
weekday,monsoon,8,7865.319594339623,7865.319594339623,6.60377358490566,assumed hourly profile; no measured charging sessions supplied
weekday,monsoon,9,7303.511051886793,7303.511051886793,6.132075471698113,assumed hourly profile; no measured charging sessions supplied
weekday,monsoon,10,6179.893966981132,6179.893966981132,5.188679245283018,assumed hourly profile; no measured charging sessions supplied
weekday,monsoon,11,5618.085424528303,5618.085424528303,4.716981132075472,assumed hourly profile; no measured charging sessions supplied
weekday,monsoon,12,5393.36200754717,5393.36200754717,4.528301886792453,assumed hourly profile; no measured charging sessions supplied
weekday,monsoon,13,5618.085424528303,5618.085424528303,4.716981132075472,assumed hourly profile; no measured charging sessions supplied
weekday,monsoon,14,5842.8088415094335,5842.8088415094335,4.90566037735849,assumed hourly profile; no measured charging sessions supplied
weekday,monsoon,15,6179.893966981132,6179.893966981132,5.188679245283018,assumed hourly profile; no measured charging sessions supplied
weekday,monsoon,16,6741.702509433962,6741.702509433962,5.660377358490566,assumed hourly profile; no measured charging sessions supplied
weekday,monsoon,17,8427.128136792453,8427.128136792453,7.0754716981132075,assumed hourly profile; no measured charging sessions supplied
weekday,monsoon,18,10674.362306603774,10674.362306603774,8.962264150943396,assumed hourly profile; no measured charging sessions supplied
weekday,monsoon,19,10112.553764150944,10112.553764150944,8.49056603773585,assumed hourly profile; no measured charging sessions supplied
weekday,monsoon,20,7865.319594339623,7865.319594339623,6.60377358490566,assumed hourly profile; no measured charging sessions supplied
weekday,monsoon,21,5618.085424528303,5618.085424528303,4.716981132075472,assumed hourly profile; no measured charging sessions supplied
weekday,monsoon,22,3370.851254716981,3370.851254716981,2.830188679245283,assumed hourly profile; no measured charging sessions supplied
weekday,monsoon,23,1910.1490443396228,1910.1490443396228,1.6037735849056605,assumed hourly profile; no measured charging sessions supplied
weekend,dry,0,1155.7204301886793,1155.7204301886793,1.1320754716981132,assumed hourly profile; no measured charging sessions supplied
weekend,dry,1,866.7903226415093,866.7903226415093,0.8490566037735847,assumed hourly profile; no measured charging sessions supplied
weekend,dry,2,674.1702509433962,674.1702509433962,0.660377358490566,assumed hourly profile; no measured charging sessions supplied
weekend,dry,3,577.8602150943397,577.8602150943397,0.5660377358490566,assumed hourly profile; no measured charging sessions supplied
weekend,dry,4,674.1702509433962,674.1702509433962,0.660377358490566,assumed hourly profile; no measured charging sessions supplied
weekend,dry,5,1155.7204301886793,1155.7204301886793,1.1320754716981132,assumed hourly profile; no measured charging sessions supplied
weekend,dry,6,2407.7508962264155,2407.7508962264155,2.358490566037736,assumed hourly profile; no measured charging sessions supplied
weekend,dry,7,4815.501792452831,4815.501792452831,4.716981132075472,assumed hourly profile; no measured charging sessions supplied
weekend,dry,8,6741.702509433962,6741.702509433962,6.60377358490566,assumed hourly profile; no measured charging sessions supplied
weekend,dry,9,6260.15233018868,6260.15233018868,6.132075471698113,assumed hourly profile; no measured charging sessions supplied
weekend,dry,10,5297.051971698113,5297.051971698113,5.188679245283018,assumed hourly profile; no measured charging sessions supplied
weekend,dry,11,4815.501792452831,4815.501792452831,4.716981132075472,assumed hourly profile; no measured charging sessions supplied
weekend,dry,12,4622.881720754717,4622.881720754717,4.528301886792453,assumed hourly profile; no measured charging sessions supplied
weekend,dry,13,4815.501792452831,4815.501792452831,4.716981132075472,assumed hourly profile; no measured charging sessions supplied
weekend,dry,14,5008.121864150943,5008.121864150943,4.90566037735849,assumed hourly profile; no measured charging sessions supplied
weekend,dry,15,5297.051971698113,5297.051971698113,5.188679245283018,assumed hourly profile; no measured charging sessions supplied
weekend,dry,16,5778.602150943396,5778.602150943396,5.660377358490566,assumed hourly profile; no measured charging sessions supplied
weekend,dry,17,7223.252688679246,7223.252688679246,7.0754716981132075,assumed hourly profile; no measured charging sessions supplied
weekend,dry,18,9149.453405660377,9149.453405660377,8.962264150943396,assumed hourly profile; no measured charging sessions supplied
weekend,dry,19,8667.903226415094,8667.903226415094,8.49056603773585,assumed hourly profile; no measured charging sessions supplied
weekend,dry,20,6741.702509433962,6741.702509433962,6.60377358490566,assumed hourly profile; no measured charging sessions supplied
weekend,dry,21,4815.501792452831,4815.501792452831,4.716981132075472,assumed hourly profile; no measured charging sessions supplied
weekend,dry,22,2889.301075471698,2889.301075471698,2.830188679245283,assumed hourly profile; no measured charging sessions supplied
weekend,dry,23,1637.2706094339624,1637.2706094339624,1.6037735849056605,assumed hourly profile; no measured charging sessions supplied
weekend,monsoon,0,1213.5064516981133,1213.5064516981133,1.1320754716981132,assumed hourly profile; no measured charging sessions supplied
weekend,monsoon,1,910.1298387735849,910.1298387735849,0.8490566037735847,assumed hourly profile; no measured charging sessions supplied
weekend,monsoon,2,707.878763490566,707.878763490566,0.660377358490566,assumed hourly profile; no measured charging sessions supplied
weekend,monsoon,3,606.7532258490567,606.7532258490567,0.5660377358490566,assumed hourly profile; no measured charging sessions supplied
weekend,monsoon,4,707.878763490566,707.878763490566,0.660377358490566,assumed hourly profile; no measured charging sessions supplied
weekend,monsoon,5,1213.5064516981133,1213.5064516981133,1.1320754716981132,assumed hourly profile; no measured charging sessions supplied
weekend,monsoon,6,2528.1384410377364,2528.1384410377364,2.358490566037736,assumed hourly profile; no measured charging sessions supplied
weekend,monsoon,7,5056.276882075473,5056.276882075473,4.716981132075472,assumed hourly profile; no measured charging sessions supplied
weekend,monsoon,8,7078.787634905661,7078.787634905661,6.60377358490566,assumed hourly profile; no measured charging sessions supplied
weekend,monsoon,9,6573.159946698114,6573.159946698114,6.132075471698113,assumed hourly profile; no measured charging sessions supplied
weekend,monsoon,10,5561.904570283019,5561.904570283019,5.188679245283018,assumed hourly profile; no measured charging sessions supplied
weekend,monsoon,11,5056.276882075473,5056.276882075473,4.716981132075472,assumed hourly profile; no measured charging sessions supplied
weekend,monsoon,12,4854.025806792453,4854.025806792453,4.528301886792453,assumed hourly profile; no measured charging sessions supplied
weekend,monsoon,13,5056.276882075473,5056.276882075473,4.716981132075472,assumed hourly profile; no measured charging sessions supplied
weekend,monsoon,14,5258.527957358491,5258.527957358491,4.90566037735849,assumed hourly profile; no measured charging sessions supplied
weekend,monsoon,15,5561.904570283019,5561.904570283019,5.188679245283018,assumed hourly profile; no measured charging sessions supplied
weekend,monsoon,16,6067.532258490566,6067.532258490566,5.660377358490566,assumed hourly profile; no measured charging sessions supplied
weekend,monsoon,17,7584.415323113209,7584.415323113209,7.0754716981132075,assumed hourly profile; no measured charging sessions supplied
weekend,monsoon,18,9606.926075943396,9606.926075943396,8.962264150943396,assumed hourly profile; no measured charging sessions supplied
weekend,monsoon,19,9101.29838773585,9101.29838773585,8.49056603773585,assumed hourly profile; no measured charging sessions supplied
weekend,monsoon,20,7078.787634905661,7078.787634905661,6.60377358490566,assumed hourly profile; no measured charging sessions supplied
weekend,monsoon,21,5056.276882075473,5056.276882075473,4.716981132075472,assumed hourly profile; no measured charging sessions supplied
weekend,monsoon,22,3033.766129245283,3033.766129245283,2.830188679245283,assumed hourly profile; no measured charging sessions supplied
weekend,monsoon,23,1719.1341399056607,1719.1341399056607,1.6037735849056605,assumed hourly profile; no measured charging sessions supplied
