candidate_id,site_name,selected_samples,selection_frequency_pct,mean_accessible_demand_score,in_optimizer_solution,classification
CS-01,Airport_Hub_Site_1,250,100.0,24323.53119533071,True,Monte Carlo heuristic site-screen; not repeated NSGA-II optimization
CS-02,Airport_Hub_Site_2,250,100.0,24323.53119533071,False,Monte Carlo heuristic site-screen; not repeated NSGA-II optimization
CS-03,Uttara_Sec3_Site_1,236,94.4,24937.57687649969,False,Monte Carlo heuristic site-screen; not repeated NSGA-II optimization
CS-33,Shyamoli_Square_Site_1,216,86.4,35486.049926233834,False,Monte Carlo heuristic site-screen; not repeated NSGA-II optimization
CS-07,Purbachal_300ft_Site_1,190,76.0,6838.538919290092,True,Monte Carlo heuristic site-screen; not repeated NSGA-II optimization
CS-56,Sayedabad_Terminal_Site_2,169,67.6,53208.78712273929,False,Monte Carlo heuristic site-screen; not repeated NSGA-II optimization
CS-17,Mohakhali_Terminal_Site_1,162,64.8,58126.366179336066,True,Monte Carlo heuristic site-screen; not repeated NSGA-II optimization
CS-35,Mohammadpur_Townhall_Site_1,157,62.8,20114.146751318553,False,Monte Carlo heuristic site-screen; not repeated NSGA-II optimization
CS-54,Old_Dhaka_Sadarghat_Site_2,132,52.8,29445.966685350773,False,Monte Carlo heuristic site-screen; not repeated NSGA-II optimization
CS-42,Mirpur_12_Site_2,114,45.6,20293.669773048205,False,Monte Carlo heuristic site-screen; not repeated NSGA-II optimization
CS-04,Uttara_Sec3_Site_2,83,33.2,24937.57687649969,False,Monte Carlo heuristic site-screen; not repeated NSGA-II optimization
CS-55,Sayedabad_Terminal_Site_1,81,32.4,53208.78712273929,False,Monte Carlo heuristic site-screen; not repeated NSGA-II optimization
CS-41,Mirpur_12_Site_1,73,29.2,20293.669773048205,False,Monte Carlo heuristic site-screen; not repeated NSGA-II optimization
CS-18,Mohakhali_Terminal_Site_2,69,27.6,58126.366179336066,False,Monte Carlo heuristic site-screen; not repeated NSGA-II optimization
CS-52,Old_Dhaka_Lalbagh_Site_2,61,24.4,13760.825268497856,False,Monte Carlo heuristic site-screen; not repeated NSGA-II optimization
CS-08,Purbachal_300ft_Site_2,60,24.0,6838.538919290092,False,Monte Carlo heuristic site-screen; not repeated NSGA-II optimization
CS-39,Mirpur_10_Circle_Site_1,49,19.6,27240.82493604349,False,Monte Carlo heuristic site-screen; not repeated NSGA-II optimization
CS-51,Old_Dhaka_Lalbagh_Site_1,30,12.0,13760.825268497856,False,Monte Carlo heuristic site-screen; not repeated NSGA-II optimization
CS-53,Old_Dhaka_Sadarghat_Site_1,27,10.8,29445.966685350773,False,Monte Carlo heuristic site-screen; not repeated NSGA-II optimization
CS-34,Shyamoli_Square_Site_2,20,8.0,35486.049926233834,False,Monte Carlo heuristic site-screen; not repeated NSGA-II optimization
CS-23,Tejgaon_Industrial_Site_1,19,7.6,57495.33217990918,False,Monte Carlo heuristic site-screen; not repeated NSGA-II optimization
CS-11,Gulshan_2_Site_1,11,4.4,53140.64198307418,True,Monte Carlo heuristic site-screen; not repeated NSGA-II optimization
CS-36,Mohammadpur_Townhall_Site_2,10,4.0,20114.146751318553,False,Monte Carlo heuristic site-screen; not repeated NSGA-II optimization
CS-40,Mirpur_10_Circle_Site_2,9,3.6,27240.82493604349,False,Monte Carlo heuristic site-screen; not repeated NSGA-II optimization
CS-44,Gabtoli_Terminal_Site_2,8,3.2,27018.251650113678,False,Monte Carlo heuristic site-screen; not repeated NSGA-II optimization
CS-09,Baridhara_Diplomatic_Site_1,3,1.2,42613.29738542304,True,Monte Carlo heuristic site-screen; not repeated NSGA-II optimization
CS-12,Gulshan_2_Site_2,3,1.2,53140.64198307418,True,Monte Carlo heuristic site-screen; not repeated NSGA-II optimization
CS-37,Mirpur_1_Site_1,3,1.2,28267.976441735973,False,Monte Carlo heuristic site-screen; not repeated NSGA-II optimization
CS-38,Mirpur_1_Site_2,2,0.8,28267.976441735973,False,Monte Carlo heuristic site-screen; not repeated NSGA-II optimization
CS-10,Baridhara_Diplomatic_Site_2,1,0.4,42613.29738542304,False,Monte Carlo heuristic site-screen; not repeated NSGA-II optimization
CS-15,Banani_11_Site_1,1,0.4,39632.66110975796,True,Monte Carlo heuristic site-screen; not repeated NSGA-II optimization
CS-43,Gabtoli_Terminal_Site_1,1,0.4,27018.251650113678,False,Monte Carlo heuristic site-screen; not repeated NSGA-II optimization
CS-05,Uttara_Sec11_Site_1,0,0.0,19814.407697724397,False,Monte Carlo heuristic site-screen; not repeated NSGA-II optimization
CS-06,Uttara_Sec11_Site_2,0,0.0,19814.407697724397,True,Monte Carlo heuristic site-screen; not repeated NSGA-II optimization
CS-13,Gulshan_1_Site_1,0,0.0,58079.94986639173,False,Monte Carlo heuristic site-screen; not repeated NSGA-II optimization
CS-14,Gulshan_1_Site_2,0,0.0,52646.325293407324,False,Monte Carlo heuristic site-screen; not repeated NSGA-II optimization
CS-16,Banani_11_Site_2,0,0.0,39632.66110975796,False,Monte Carlo heuristic site-screen; not repeated NSGA-II optimization
CS-19,Badda_Pragati_Sarani_Site_1,0,0.0,52646.325293407324,False,Monte Carlo heuristic site-screen; not repeated NSGA-II optimization
CS-20,Badda_Pragati_Sarani_Site_2,0,0.0,52646.325293407324,False,Monte Carlo heuristic site-screen; not repeated NSGA-II optimization
CS-21,Hatirjheel_North_Site_1,0,0.0,50607.279256682676,False,Monte Carlo heuristic site-screen; not repeated NSGA-II optimization
CS-22,Hatirjheel_North_Site_2,0,0.0,50607.279256682676,False,Monte Carlo heuristic site-screen; not repeated NSGA-II optimization
CS-24,Tejgaon_Industrial_Site_2,0,0.0,57495.33217990918,True,Monte Carlo heuristic site-screen; not repeated NSGA-II optimization
CS-25,Kawran_Bazar_CBD_Site_1,0,0.0,42455.76295149686,False,Monte Carlo heuristic site-screen; not repeated NSGA-II optimization
CS-26,Kawran_Bazar_CBD_Site_2,0,0.0,42455.76295149686,False,Monte Carlo heuristic site-screen; not repeated NSGA-II optimization
CS-27,Farmgate_Hub_Site_1,0,0.0,58193.417050799726,False,Monte Carlo heuristic site-screen; not repeated NSGA-II optimization
CS-28,Farmgate_Hub_Site_2,0,0.0,58193.417050799726,False,Monte Carlo heuristic site-screen; not repeated NSGA-II optimization
CS-29,Dhanmondi_27_Site_1,0,0.0,51029.70277132736,False,Monte Carlo heuristic site-screen; not repeated NSGA-II optimization
CS-30,Dhanmondi_27_Site_2,0,0.0,51029.70277132736,False,Monte Carlo heuristic site-screen; not repeated NSGA-II optimization
CS-31,Dhanmondi_8A_Site_1,0,0.0,40126.97517758577,True,Monte Carlo heuristic site-screen; not repeated NSGA-II optimization
CS-32,Dhanmondi_8A_Site_2,0,0.0,40126.97517758577,False,Monte Carlo heuristic site-screen; not repeated NSGA-II optimization
CS-45,Shahbagh_Square_Site_1,0,0.0,44846.34040759959,False,Monte Carlo heuristic site-screen; not repeated NSGA-II optimization
CS-46,Shahbagh_Square_Site_2,0,0.0,44846.34040759959,False,Monte Carlo heuristic site-screen; not repeated NSGA-II optimization
CS-47,Motijheel_CBD_Site_1,0,0.0,55513.12010228015,False,Monte Carlo heuristic site-screen; not repeated NSGA-II optimization
CS-48,Motijheel_CBD_Site_2,0,0.0,55513.12010228015,False,Monte Carlo heuristic site-screen; not repeated NSGA-II optimization
CS-49,Kamalapur_Railway_Site_1,0,0.0,44174.0093300034,False,Monte Carlo heuristic site-screen; not repeated NSGA-II optimization
CS-50,Kamalapur_Railway_Site_2,0,0.0,44174.0093300034,False,Monte Carlo heuristic site-screen; not repeated NSGA-II optimization
CS-57,Jatrabari_Flyover_Hub_Site_1,0,0.0,47390.49447767111,False,Monte Carlo heuristic site-screen; not repeated NSGA-II optimization
CS-58,Jatrabari_Flyover_Hub_Site_2,0,0.0,47390.49447767111,False,Monte Carlo heuristic site-screen; not repeated NSGA-II optimization
