sample,selected_candidate_ids,reachable_demand_pct,distance_weighted_coverage_pct,selected_site_cost_proxy_bdt,classification
1,CS-55;CS-17;CS-33;CS-02;CS-42;CS-51;CS-07;CS-01;CS-03;CS-04,100.0,59.26762705697192,170678485.5344561,Monte Carlo heuristic site-screen; not repeated NSGA-II optimization
2,CS-56;CS-23;CS-34;CS-54;CS-02;CS-39;CS-11;CS-07;CS-35;CS-01,100.0,64.73245218011161,204859082.07040966,Monte Carlo heuristic site-screen; not repeated NSGA-II optimization
3,CS-56;CS-18;CS-33;CS-53;CS-02;CS-42;CS-07;CS-36;CS-01;CS-03,100.0,61.43109966866649,221207730.1424134,Monte Carlo heuristic site-screen; not repeated NSGA-II optimization
4,CS-56;CS-17;CS-33;CS-02;CS-41;CS-52;CS-07;CS-01;CS-03;CS-04,100.0,59.55137619711929,190842553.6421816,Monte Carlo heuristic site-screen; not repeated NSGA-II optimization
5,CS-56;CS-18;CS-33;CS-02;CS-42;CS-51;CS-07;CS-35;CS-01;CS-03,100.0,61.10095310645636,208321673.69947892,Monte Carlo heuristic site-screen; not repeated NSGA-II optimization
6,CS-56;CS-17;CS-33;CS-02;CS-42;CS-52;CS-07;CS-01;CS-03;CS-04,100.0,61.07650617692868,213882402.0595971,Monte Carlo heuristic site-screen; not repeated NSGA-II optimization
7,CS-56;CS-17;CS-33;CS-02;CS-42;CS-51;CS-07;CS-01;CS-03;CS-04,100.0,61.39566984122116,184291895.36725214,Monte Carlo heuristic site-screen; not repeated NSGA-II optimization
8,CS-56;CS-17;CS-33;CS-02;CS-54;CS-41;CS-07;CS-35;CS-01;CS-03,100.0,60.559404134135285,176282769.40987858,Monte Carlo heuristic site-screen; not repeated NSGA-II optimization
9,CS-55;CS-18;CS-34;CS-54;CS-02;CS-42;CS-07;CS-35;CS-01;CS-03,100.0,61.016161688028944,162835499.55582902,Monte Carlo heuristic site-screen; not repeated NSGA-II optimization
10,CS-55;CS-17;CS-33;CS-54;CS-02;CS-41;CS-07;CS-35;CS-01;CS-03,100.0,62.03064452308239,173426116.52517116,Monte Carlo heuristic site-screen; not repeated NSGA-II optimization
11,CS-55;CS-17;CS-33;CS-02;CS-54;CS-41;CS-07;CS-35;CS-01;CS-03,100.0,62.44866221064559,221969257.8444687,Monte Carlo heuristic site-screen; not repeated NSGA-II optimization
12,CS-56;CS-17;CS-33;CS-02;CS-42;CS-51;CS-07;CS-01;CS-03;CS-04,100.0,61.36765308217128,190544722.94230855,Monte Carlo heuristic site-screen; not repeated NSGA-II optimization
13,CS-56;CS-17;CS-34;CS-54;CS-02;CS-39;CS-07;CS-36;CS-01;CS-03,100.0,59.36583980963027,206523147.2513325,Monte Carlo heuristic site-screen; not repeated NSGA-II optimization
14,CS-56;CS-17;CS-33;CS-02;CS-54;CS-39;CS-07;CS-35;CS-01;CS-03,100.0,60.63255894713815,186202652.29179657,Monte Carlo heuristic site-screen; not repeated NSGA-II optimization
15,CS-56;CS-18;CS-33;CS-53;CS-02;CS-42;CS-07;CS-35;CS-01;CS-03,100.0,60.83907457215856,182251690.1049094,Monte Carlo heuristic site-screen; not repeated NSGA-II optimization
16,CS-55;CS-17;CS-33;CS-54;CS-01;CS-39;CS-07;CS-35;CS-02;CS-03,100.0,59.090430076733625,210569348.50839564,Monte Carlo heuristic site-screen; not repeated NSGA-II optimization
17,CS-55;CS-17;CS-33;CS-54;CS-02;CS-39;CS-07;CS-35;CS-01;CS-03,100.0,59.81292495405592,225725319.62469295,Monte Carlo heuristic site-screen; not repeated NSGA-II optimization
18,CS-56;CS-17;CS-33;CS-54;CS-02;CS-42;CS-07;CS-35;CS-01;CS-03,100.0,60.613560528058755,238502914.19797656,Monte Carlo heuristic site-screen; not repeated NSGA-II optimization
19,CS-56;CS-17;CS-33;CS-53;CS-02;CS-39;CS-07;CS-35;CS-01;CS-03,100.0,59.628127617709595,219855271.99657378,Monte Carlo heuristic site-screen; not repeated NSGA-II optimization
20,CS-56;CS-17;CS-33;CS-54;CS-02;CS-39;CS-08;CS-35;CS-01;CS-03,100.0,59.00940318242605,174742667.36542335,Monte Carlo heuristic site-screen; not repeated NSGA-II optimization
21,CS-56;CS-17;CS-34;CS-54;CS-02;CS-42;CS-07;CS-35;CS-01;CS-03,100.0,60.95379128500726,227326365.1670994,Monte Carlo heuristic site-screen; not repeated NSGA-II optimization
22,CS-56;CS-18;CS-33;CS-53;CS-02;CS-42;CS-07;CS-35;CS-01;CS-03,100.0,60.45734265342324,175062402.60573977,Monte Carlo heuristic site-screen; not repeated NSGA-II optimization
23,CS-56;CS-17;CS-33;CS-54;CS-02;CS-41;CS-07;CS-35;CS-01;CS-03,100.0,61.36743076452923,213858542.21885434,Monte Carlo heuristic site-screen; not repeated NSGA-II optimization
24,CS-56;CS-17;CS-33;CS-54;CS-02;CS-39;CS-07;CS-35;CS-01;CS-03,100.0,59.82748126082349,209010712.75081092,Monte Carlo heuristic site-screen; not repeated NSGA-II optimization
25,CS-56;CS-17;CS-33;CS-54;CS-01;CS-41;CS-07;CS-35;CS-02;CS-03,100.0,60.76343350200345,176838599.69991985,Monte Carlo heuristic site-screen; not repeated NSGA-II optimization
26,CS-56;CS-18;CS-33;CS-54;CS-02;CS-41;CS-07;CS-35;CS-01;CS-03,100.0,60.45063869792606,178524275.0647187,Monte Carlo heuristic site-screen; not repeated NSGA-II optimization
27,CS-56;CS-17;CS-33;CS-02;CS-54;CS-41;CS-07;CS-35;CS-01;CS-03,100.0,61.52892877343065,232014039.38453382,Monte Carlo heuristic site-screen; not repeated NSGA-II optimization
28,CS-56;CS-17;CS-33;CS-54;CS-02;CS-41;CS-07;CS-35;CS-01;CS-03,100.0,61.92433947142704,231759079.6939937,Monte Carlo heuristic site-screen; not repeated NSGA-II optimization
29,CS-56;CS-17;CS-33;CS-54;CS-02;CS-41;CS-08;CS-35;CS-01;CS-03,100.0,59.95346193838721,208253529.36364952,Monte Carlo heuristic site-screen; not repeated NSGA-II optimization
30,CS-56;CS-17;CS-33;CS-02;CS-42;CS-51;CS-08;CS-01;CS-03;CS-04,100.0,61.15604118450055,194926785.60358286,Monte Carlo heuristic site-screen; not repeated NSGA-II optimization
31,CS-55;CS-17;CS-33;CS-54;CS-01;CS-39;CS-07;CS-35;CS-02;CS-03,100.0,59.69326094810251,182564822.78687364,Monte Carlo heuristic site-screen; not repeated NSGA-II optimization
32,CS-56;CS-17;CS-33;CS-01;CS-42;CS-52;CS-07;CS-02;CS-03;CS-04,100.0,59.44800513550717,167490814.18417767,Monte Carlo heuristic site-screen; not repeated NSGA-II optimization
33,CS-56;CS-17;CS-33;CS-54;CS-02;CS-39;CS-08;CS-35;CS-01;CS-03,100.0,60.185650157450155,233315857.8028311,Monte Carlo heuristic site-screen; not repeated NSGA-II optimization
34,CS-55;CS-17;CS-33;CS-54;CS-02;CS-41;CS-07;CS-35;CS-01;CS-03,100.0,61.684659422861245,194570649.99138835,Monte Carlo heuristic site-screen; not repeated NSGA-II optimization
35,CS-55;CS-17;CS-33;CS-02;CS-41;CS-51;CS-07;CS-01;CS-03;CS-04,100.0,61.407224573567746,219201442.60716265,Monte Carlo heuristic site-screen; not repeated NSGA-II optimization
36,CS-56;CS-17;CS-33;CS-02;CS-41;CS-52;CS-07;CS-01;CS-03;CS-04,100.0,59.99025202471786,198745700.36449057,Monte Carlo heuristic site-screen; not repeated NSGA-II optimization
37,CS-56;CS-17;CS-33;CS-02;CS-54;CS-41;CS-08;CS-35;CS-01;CS-03,100.0,61.70458055426703,229229797.79354173,Monte Carlo heuristic site-screen; not repeated NSGA-II optimization
38,CS-56;CS-17;CS-33;CS-54;CS-02;CS-42;CS-07;CS-35;CS-01;CS-03,100.0,62.24623820372306,233549232.95113873,Monte Carlo heuristic site-screen; not repeated NSGA-II optimization
39,CS-55;CS-23;CS-33;CS-54;CS-02;CS-40;CS-11;CS-07;CS-35;CS-01,100.0,64.0289741663461,187758585.4070783,Monte Carlo heuristic site-screen; not repeated NSGA-II optimization
40,CS-56;CS-18;CS-33;CS-02;CS-42;CS-52;CS-07;CS-01;CS-03;CS-04,100.0,61.09361674427555,228622140.54844278,Monte Carlo heuristic site-screen; not repeated NSGA-II optimization
41,CS-55;CS-18;CS-33;CS-54;CS-02;CS-42;CS-07;CS-35;CS-01;CS-03,100.0,60.89690572920661,201785667.99992955,Monte Carlo heuristic site-screen; not repeated NSGA-II optimization
42,CS-56;CS-18;CS-33;CS-02;CS-42;CS-51;CS-08;CS-01;CS-03;CS-04,100.0,61.28644180806473,238682896.3138094,Monte Carlo heuristic site-screen; not repeated NSGA-II optimization
43,CS-56;CS-17;CS-33;CS-02;CS-41;CS-52;CS-08;CS-01;CS-03;CS-04,100.0,61.010320721721826,207677767.92263716,Monte Carlo heuristic site-screen; not repeated NSGA-II optimization
44,CS-56;CS-17;CS-33;CS-02;CS-42;CS-52;CS-08;CS-01;CS-03;CS-04,100.0,61.013151811180535,173358116.09380162,Monte Carlo heuristic site-screen; not repeated NSGA-II optimization
45,CS-56;CS-17;CS-33;CS-02;CS-42;CS-52;CS-08;CS-01;CS-03;CS-04,100.0,59.36661101882413,190875102.09420836,Monte Carlo heuristic site-screen; not repeated NSGA-II optimization
46,CS-56;CS-18;CS-33;CS-54;CS-02;CS-42;CS-07;CS-35;CS-01;CS-03,100.0,62.4441378154304,190371430.85122123,Monte Carlo heuristic site-screen; not repeated NSGA-II optimization
47,CS-56;CS-17;CS-33;CS-54;CS-02;CS-41;CS-07;CS-35;CS-01;CS-03,100.0,61.00111154681734,211917162.91004246,Monte Carlo heuristic site-screen; not repeated NSGA-II optimization
48,CS-55;CS-18;CS-33;CS-54;CS-01;CS-42;CS-07;CS-35;CS-02;CS-03,100.0,60.75360430366234,221791798.68560213,Monte Carlo heuristic site-screen; not repeated NSGA-II optimization
49,CS-55;CS-17;CS-33;CS-54;CS-02;CS-41;CS-07;CS-35;CS-01;CS-03,100.0,61.509589292534685,165775568.13329476,Monte Carlo heuristic site-screen; not repeated NSGA-II optimization
50,CS-55;CS-17;CS-33;CS-54;CS-02;CS-42;CS-07;CS-35;CS-01;CS-03,100.0,61.401152206660946,219322173.4221655,Monte Carlo heuristic site-screen; not repeated NSGA-II optimization
51,CS-55;CS-17;CS-33;CS-02;CS-54;CS-42;CS-07;CS-35;CS-01;CS-03,100.0,60.5373232908944,160642244.86827797,Monte Carlo heuristic site-screen; not repeated NSGA-II optimization
52,CS-55;CS-23;CS-33;CS-54;CS-02;CS-11;CS-39;CS-07;CS-35;CS-01,100.0,63.492835904944656,170557739.3163945,Monte Carlo heuristic site-screen; not repeated NSGA-II optimization
53,CS-56;CS-17;CS-33;CS-53;CS-02;CS-39;CS-07;CS-35;CS-01;CS-03,100.0,59.93718001703298,227325017.4387405,Monte Carlo heuristic site-screen; not repeated NSGA-II optimization
54,CS-56;CS-17;CS-33;CS-54;CS-01;CS-40;CS-07;CS-35;CS-02;CS-03,100.0,59.14332977574666,170503987.2327066,Monte Carlo heuristic site-screen; not repeated NSGA-II optimization
55,CS-56;CS-17;CS-33;CS-54;CS-02;CS-42;CS-07;CS-35;CS-01;CS-03,100.0,61.17310406687116,231245515.3738243,Monte Carlo heuristic site-screen; not repeated NSGA-II optimization
56,CS-55;CS-18;CS-33;CS-54;CS-02;CS-42;CS-07;CS-35;CS-01;CS-03,100.0,60.39570105411725,199489978.3813712,Monte Carlo heuristic site-screen; not repeated NSGA-II optimization
57,CS-56;CS-17;CS-33;CS-54;CS-02;CS-42;CS-07;CS-35;CS-01;CS-03,100.0,60.23983965272254,225908080.0491873,Monte Carlo heuristic site-screen; not repeated NSGA-II optimization
58,CS-56;CS-17;CS-33;CS-53;CS-02;CS-39;CS-07;CS-35;CS-01;CS-03,100.0,59.68546281237239,202758591.77036935,Monte Carlo heuristic site-screen; not repeated NSGA-II optimization
59,CS-56;CS-17;CS-33;CS-54;CS-02;CS-40;CS-07;CS-35;CS-01;CS-03,100.0,60.40697007285326,201986224.17676234,Monte Carlo heuristic site-screen; not repeated NSGA-II optimization
60,CS-55;CS-17;CS-33;CS-53;CS-02;CS-41;CS-07;CS-35;CS-01;CS-03,100.0,62.057829264854405,232747401.70668894,Monte Carlo heuristic site-screen; not repeated NSGA-II optimization
61,CS-55;CS-17;CS-33;CS-54;CS-02;CS-42;CS-07;CS-35;CS-01;CS-03,100.0,61.02072329853405,224195209.53295818,Monte Carlo heuristic site-screen; not repeated NSGA-II optimization
62,CS-56;CS-17;CS-33;CS-02;CS-54;CS-42;CS-08;CS-35;CS-01;CS-03,100.0,59.70274390590586,184888024.8059588,Monte Carlo heuristic site-screen; not repeated NSGA-II optimization
63,CS-56;CS-17;CS-33;CS-54;CS-02;CS-41;CS-07;CS-36;CS-01;CS-03,100.0,62.13043234957394,224056500.11062992,Monte Carlo heuristic site-screen; not repeated NSGA-II optimization
64,CS-55;CS-17;CS-33;CS-54;CS-02;CS-42;CS-07;CS-35;CS-01;CS-03,100.0,60.18036051753046,160952219.05091506,Monte Carlo heuristic site-screen; not repeated NSGA-II optimization
65,CS-56;CS-17;CS-33;CS-04;CS-42;CS-52;CS-07;CS-01;CS-02;CS-03,100.0,61.737809318476764,164391936.83845365,Monte Carlo heuristic site-screen; not repeated NSGA-II optimization
66,CS-56;CS-18;CS-33;CS-02;CS-42;CS-52;CS-08;CS-01;CS-03;CS-04,100.0,58.98162538804323,231924586.80931428,Monte Carlo heuristic site-screen; not repeated NSGA-II optimization
67,CS-55;CS-18;CS-33;CS-54;CS-02;CS-42;CS-07;CS-35;CS-01;CS-03,100.0,61.50496393544256,207669712.9854113,Monte Carlo heuristic site-screen; not repeated NSGA-II optimization
68,CS-56;CS-17;CS-33;CS-53;CS-02;CS-39;CS-08;CS-35;CS-01;CS-03,100.0,60.06235199533331,236771170.7694802,Monte Carlo heuristic site-screen; not repeated NSGA-II optimization
69,CS-55;CS-23;CS-44;CS-39;CS-54;CS-02;CS-11;CS-07;CS-35;CS-01,100.0,66.31669192564408,236992233.04162556,Monte Carlo heuristic site-screen; not repeated NSGA-II optimization
70,CS-55;CS-17;CS-33;CS-02;CS-54;CS-42;CS-08;CS-35;CS-01;CS-03,100.0,61.70030081180625,189367634.35497597,Monte Carlo heuristic site-screen; not repeated NSGA-II optimization
71,CS-56;CS-17;CS-33;CS-54;CS-02;CS-41;CS-08;CS-35;CS-01;CS-03,100.0,62.51311997797215,175744247.07162243,Monte Carlo heuristic site-screen; not repeated NSGA-II optimization
72,CS-56;CS-17;CS-33;CS-53;CS-02;CS-39;CS-07;CS-35;CS-01;CS-03,100.0,58.778290240010456,158169832.49756822,Monte Carlo heuristic site-screen; not repeated NSGA-II optimization
73,CS-56;CS-18;CS-33;CS-02;CS-42;CS-07;CS-52;CS-01;CS-03;CS-04,100.0,58.81643338650289,176289879.37893668,Monte Carlo heuristic site-screen; not repeated NSGA-II optimization
74,CS-56;CS-18;CS-33;CS-02;CS-42;CS-07;CS-52;CS-01;CS-03;CS-04,100.0,60.52815681791297,181006357.10992858,Monte Carlo heuristic site-screen; not repeated NSGA-II optimization
75,CS-55;CS-17;CS-33;CS-02;CS-52;CS-42;CS-08;CS-01;CS-03;CS-04,100.0,60.07418911445088,207267885.6271265,Monte Carlo heuristic site-screen; not repeated NSGA-II optimization
76,CS-55;CS-17;CS-34;CS-02;CS-54;CS-41;CS-08;CS-35;CS-01;CS-03,100.0,61.08784788969556,236333270.65545374,Monte Carlo heuristic site-screen; not repeated NSGA-II optimization
77,CS-55;CS-17;CS-33;CS-02;CS-42;CS-52;CS-07;CS-01;CS-03;CS-04,100.0,60.06979441622023,187445324.71578938,Monte Carlo heuristic site-screen; not repeated NSGA-II optimization
78,CS-55;CS-17;CS-33;CS-02;CS-41;CS-51;CS-07;CS-01;CS-03;CS-04,100.0,61.274551021324996,188286485.38833532,Monte Carlo heuristic site-screen; not repeated NSGA-II optimization
79,CS-56;CS-17;CS-33;CS-54;CS-02;CS-42;CS-08;CS-35;CS-01;CS-03,100.0,60.57167652955403,194428618.904669,Monte Carlo heuristic site-screen; not repeated NSGA-II optimization
80,CS-55;CS-17;CS-33;CS-53;CS-02;CS-42;CS-07;CS-35;CS-01;CS-03,100.0,62.18669942077394,216240893.41595292,Monte Carlo heuristic site-screen; not repeated NSGA-II optimization
81,CS-56;CS-18;CS-33;CS-54;CS-02;CS-41;CS-07;CS-35;CS-01;CS-03,100.0,60.82471863657566,198807011.68014506,Monte Carlo heuristic site-screen; not repeated NSGA-II optimization
82,CS-55;CS-17;CS-33;CS-53;CS-02;CS-41;CS-07;CS-35;CS-01;CS-03,100.0,61.184145662565115,191291369.27881002,Monte Carlo heuristic site-screen; not repeated NSGA-II optimization
83,CS-56;CS-17;CS-44;CS-02;CS-42;CS-52;CS-07;CS-35;CS-01;CS-03,100.0,62.71765528363513,179259811.53042793,Monte Carlo heuristic site-screen; not repeated NSGA-II optimization
84,CS-56;CS-18;CS-33;CS-02;CS-41;CS-52;CS-07;CS-01;CS-03;CS-04,100.0,59.497515244555096,170877113.42697406,Monte Carlo heuristic site-screen; not repeated NSGA-II optimization
85,CS-56;CS-18;CS-34;CS-02;CS-42;CS-51;CS-07;CS-01;CS-03;CS-04,100.0,61.222911238775254,241753727.3803221,Monte Carlo heuristic site-screen; not repeated NSGA-II optimization
86,CS-56;CS-17;CS-33;CS-54;CS-02;CS-39;CS-08;CS-35;CS-01;CS-03,100.0,60.064653435808225,224856427.88382298,Monte Carlo heuristic site-screen; not repeated NSGA-II optimization
87,CS-55;CS-18;CS-33;CS-54;CS-02;CS-42;CS-07;CS-36;CS-01;CS-03,100.0,61.07856641642575,168886385.41644168,Monte Carlo heuristic site-screen; not repeated NSGA-II optimization
88,CS-56;CS-17;CS-34;CS-54;CS-02;CS-41;CS-08;CS-35;CS-01;CS-03,100.0,60.911610034551764,187364459.55072722,Monte Carlo heuristic site-screen; not repeated NSGA-II optimization
89,CS-56;CS-17;CS-33;CS-02;CS-42;CS-51;CS-08;CS-01;CS-03;CS-04,100.0,59.07538695928335,185576800.128308,Monte Carlo heuristic site-screen; not repeated NSGA-II optimization
90,CS-56;CS-17;CS-33;CS-54;CS-02;CS-39;CS-08;CS-35;CS-01;CS-03,100.0,58.35032981718755,179806247.3714981,Monte Carlo heuristic site-screen; not repeated NSGA-II optimization
91,CS-56;CS-18;CS-33;CS-02;CS-42;CS-52;CS-07;CS-01;CS-03;CS-04,100.0,61.59263771597209,176494111.16795793,Monte Carlo heuristic site-screen; not repeated NSGA-II optimization
92,CS-56;CS-17;CS-34;CS-54;CS-02;CS-39;CS-07;CS-35;CS-01;CS-03,100.0,60.83391512026828,207257197.57813868,Monte Carlo heuristic site-screen; not repeated NSGA-II optimization
93,CS-55;CS-18;CS-33;CS-53;CS-02;CS-39;CS-07;CS-35;CS-01;CS-03,100.0,59.14711377095073,234121265.0002094,Monte Carlo heuristic site-screen; not repeated NSGA-II optimization
94,CS-56;CS-17;CS-33;CS-02;CS-42;CS-51;CS-07;CS-01;CS-03;CS-04,100.0,62.51928120850976,204324618.09127593,Monte Carlo heuristic site-screen; not repeated NSGA-II optimization
95,CS-56;CS-17;CS-34;CS-02;CS-42;CS-52;CS-08;CS-01;CS-03;CS-04,100.0,59.90787787385068,161764814.7920654,Monte Carlo heuristic site-screen; not repeated NSGA-II optimization
96,CS-56;CS-18;CS-33;CS-54;CS-02;CS-39;CS-07;CS-35;CS-01;CS-03,100.0,58.87564967676712,227186810.29812232,Monte Carlo heuristic site-screen; not repeated NSGA-II optimization
97,CS-56;CS-17;CS-33;CS-54;CS-02;CS-42;CS-07;CS-35;CS-01;CS-03,100.0,61.04010525340961,179126651.843643,Monte Carlo heuristic site-screen; not repeated NSGA-II optimization
98,CS-56;CS-17;CS-33;CS-02;CS-41;CS-52;CS-07;CS-01;CS-03;CS-04,100.0,61.336354475529376,163728406.76674604,Monte Carlo heuristic site-screen; not repeated NSGA-II optimization
99,CS-56;CS-17;CS-33;CS-54;CS-02;CS-42;CS-07;CS-35;CS-01;CS-03,100.0,61.96831054411452,190818611.08664417,Monte Carlo heuristic site-screen; not repeated NSGA-II optimization
100,CS-56;CS-17;CS-33;CS-54;CS-02;CS-42;CS-07;CS-35;CS-01;CS-03,100.0,60.75844709559266,191233715.94452986,Monte Carlo heuristic site-screen; not repeated NSGA-II optimization
101,CS-56;CS-17;CS-33;CS-02;CS-42;CS-52;CS-07;CS-01;CS-03;CS-04,100.0,60.51807727014723,205530237.8965817,Monte Carlo heuristic site-screen; not repeated NSGA-II optimization
102,CS-56;CS-18;CS-33;CS-02;CS-42;CS-52;CS-08;CS-01;CS-03;CS-04,100.0,61.043054847876945,183184925.09725296,Monte Carlo heuristic site-screen; not repeated NSGA-II optimization
103,CS-56;CS-17;CS-33;CS-54;CS-02;CS-42;CS-07;CS-35;CS-01;CS-03,100.0,60.727885899235744,192075726.6999184,Monte Carlo heuristic site-screen; not repeated NSGA-II optimization
104,CS-56;CS-17;CS-33;CS-02;CS-54;CS-41;CS-07;CS-35;CS-01;CS-03,100.0,60.84135218376105,162180320.88792112,Monte Carlo heuristic site-screen; not repeated NSGA-II optimization
105,CS-55;CS-18;CS-33;CS-02;CS-42;CS-52;CS-07;CS-01;CS-03;CS-04,100.0,60.62222329194468,181378695.0894242,Monte Carlo heuristic site-screen; not repeated NSGA-II optimization
106,CS-55;CS-17;CS-33;CS-54;CS-02;CS-42;CS-08;CS-35;CS-01;CS-03,100.0,60.8758083105733,234904542.59242642,Monte Carlo heuristic site-screen; not repeated NSGA-II optimization
107,CS-55;CS-18;CS-34;CS-54;CS-02;CS-42;CS-07;CS-35;CS-01;CS-03,100.0,61.019423919027496,206191260.20481735,Monte Carlo heuristic site-screen; not repeated NSGA-II optimization
108,CS-56;CS-17;CS-33;CS-02;CS-41;CS-52;CS-08;CS-01;CS-03;CS-04,100.0,59.106212804264004,218372009.3403013,Monte Carlo heuristic site-screen; not repeated NSGA-II optimization
109,CS-55;CS-17;CS-44;CS-02;CS-54;CS-42;CS-35;CS-07;CS-01;CS-03,100.0,62.9018356672311,189899453.30544448,Monte Carlo heuristic site-screen; not repeated NSGA-II optimization
110,CS-56;CS-23;CS-33;CS-54;CS-02;CS-12;CS-39;CS-07;CS-35;CS-01,100.0,63.7945922180568,184409237.2113707,Monte Carlo heuristic site-screen; not repeated NSGA-II optimization
111,CS-55;CS-17;CS-33;CS-02;CS-41;CS-51;CS-07;CS-01;CS-03;CS-04,100.0,60.85189800240608,229262531.7866615,Monte Carlo heuristic site-screen; not repeated NSGA-II optimization
112,CS-56;CS-17;CS-33;CS-54;CS-02;CS-39;CS-07;CS-35;CS-01;CS-03,100.0,59.890923272650745,175261173.13613713,Monte Carlo heuristic site-screen; not repeated NSGA-II optimization
113,CS-56;CS-18;CS-33;CS-02;CS-42;CS-52;CS-07;CS-01;CS-03;CS-04,100.0,60.2735728098165,172545175.89475867,Monte Carlo heuristic site-screen; not repeated NSGA-II optimization
114,CS-56;CS-17;CS-33;CS-02;CS-41;CS-51;CS-08;CS-01;CS-03;CS-04,100.0,61.29037373328191,241164750.0213781,Monte Carlo heuristic site-screen; not repeated NSGA-II optimization
115,CS-55;CS-18;CS-33;CS-53;CS-02;CS-39;CS-07;CS-35;CS-01;CS-03,100.0,59.764831993843906,180054538.646525,Monte Carlo heuristic site-screen; not repeated NSGA-II optimization
116,CS-56;CS-18;CS-33;CS-53;CS-02;CS-41;CS-07;CS-35;CS-01;CS-03,100.0,61.22804930164089,204017764.85150695,Monte Carlo heuristic site-screen; not repeated NSGA-II optimization
117,CS-56;CS-18;CS-33;CS-02;CS-41;CS-52;CS-07;CS-35;CS-01;CS-03,100.0,60.223096577904975,203241458.78624067,Monte Carlo heuristic site-screen; not repeated NSGA-II optimization
118,CS-56;CS-18;CS-33;CS-54;CS-02;CS-42;CS-07;CS-35;CS-01;CS-03,100.0,61.23691929708883,193638867.19957843,Monte Carlo heuristic site-screen; not repeated NSGA-II optimization
119,CS-56;CS-17;CS-33;CS-54;CS-02;CS-42;CS-07;CS-35;CS-01;CS-03,100.0,62.453367380446046,163886343.72126392,Monte Carlo heuristic site-screen; not repeated NSGA-II optimization
120,CS-55;CS-23;CS-33;CS-54;CS-02;CS-11;CS-39;CS-07;CS-35;CS-01,100.0,63.93936809106181,200445864.30013582,Monte Carlo heuristic site-screen; not repeated NSGA-II optimization
121,CS-55;CS-23;CS-33;CS-54;CS-39;CS-02;CS-11;CS-07;CS-35;CS-01,100.0,64.06096950671282,204228935.62521687,Monte Carlo heuristic site-screen; not repeated NSGA-II optimization
122,CS-56;CS-23;CS-33;CS-54;CS-02;CS-11;CS-39;CS-08;CS-35;CS-01,100.0,63.49517337224078,167333698.59897798,Monte Carlo heuristic site-screen; not repeated NSGA-II optimization
123,CS-56;CS-18;CS-33;CS-02;CS-41;CS-52;CS-08;CS-01;CS-03;CS-04,100.0,59.020314676465134,165158393.7260984,Monte Carlo heuristic site-screen; not repeated NSGA-II optimization
124,CS-55;CS-17;CS-33;CS-54;CS-02;CS-42;CS-08;CS-35;CS-01;CS-03,100.0,60.577239086501635,200700407.83582672,Monte Carlo heuristic site-screen; not repeated NSGA-II optimization
125,CS-56;CS-17;CS-33;CS-02;CS-41;CS-52;CS-07;CS-01;CS-03;CS-04,100.0,60.1301911613102,170539385.69684842,Monte Carlo heuristic site-screen; not repeated NSGA-II optimization
126,CS-56;CS-18;CS-33;CS-02;CS-41;CS-52;CS-07;CS-01;CS-03;CS-04,100.0,59.54008462337187,176784219.0266435,Monte Carlo heuristic site-screen; not repeated NSGA-II optimization
127,CS-56;CS-18;CS-34;CS-02;CS-42;CS-51;CS-08;CS-01;CS-03;CS-04,100.0,62.10648172927168,210612735.32172385,Monte Carlo heuristic site-screen; not repeated NSGA-II optimization
128,CS-56;CS-23;CS-33;CS-54;CS-02;CS-39;CS-12;CS-07;CS-35;CS-01,100.0,63.947461044943864,197468124.3015015,Monte Carlo heuristic site-screen; not repeated NSGA-II optimization
129,CS-56;CS-18;CS-33;CS-54;CS-02;CS-39;CS-08;CS-35;CS-01;CS-03,100.0,60.08242989640896,171413377.69990784,Monte Carlo heuristic site-screen; not repeated NSGA-II optimization
130,CS-56;CS-18;CS-33;CS-02;CS-42;CS-52;CS-07;CS-01;CS-03;CS-04,100.0,60.5592265426657,162852959.9053747,Monte Carlo heuristic site-screen; not repeated NSGA-II optimization
131,CS-55;CS-17;CS-33;CS-53;CS-02;CS-41;CS-07;CS-35;CS-01;CS-03,100.0,60.95909650565583,181274878.5473059,Monte Carlo heuristic site-screen; not repeated NSGA-II optimization
132,CS-56;CS-17;CS-33;CS-54;CS-02;CS-39;CS-07;CS-35;CS-01;CS-03,100.0,59.78534342631203,227737087.31705573,Monte Carlo heuristic site-screen; not repeated NSGA-II optimization
133,CS-55;CS-17;CS-33;CS-53;CS-02;CS-41;CS-07;CS-35;CS-01;CS-03,100.0,60.394992681429585,203588440.65256464,Monte Carlo heuristic site-screen; not repeated NSGA-II optimization
134,CS-55;CS-17;CS-33;CS-54;CS-02;CS-42;CS-07;CS-35;CS-01;CS-03,100.0,59.97878426179074,218809624.30800864,Monte Carlo heuristic site-screen; not repeated NSGA-II optimization
135,CS-56;CS-18;CS-33;CS-54;CS-02;CS-41;CS-07;CS-35;CS-01;CS-03,100.0,60.92685065928928,181224199.56244248,Monte Carlo heuristic site-screen; not repeated NSGA-II optimization
136,CS-55;CS-17;CS-33;CS-02;CS-42;CS-52;CS-07;CS-01;CS-03;CS-04,100.0,60.07631220644568,208859484.61369753,Monte Carlo heuristic site-screen; not repeated NSGA-II optimization
137,CS-56;CS-17;CS-33;CS-54;CS-02;CS-39;CS-08;CS-36;CS-01;CS-03,100.0,59.402194298438516,212885133.88452822,Monte Carlo heuristic site-screen; not repeated NSGA-II optimization
138,CS-56;CS-18;CS-33;CS-54;CS-02;CS-42;CS-08;CS-35;CS-01;CS-03,100.0,60.34097702977274,168643192.78273734,Monte Carlo heuristic site-screen; not repeated NSGA-II optimization
139,CS-55;CS-17;CS-33;CS-54;CS-02;CS-42;CS-07;CS-35;CS-01;CS-03,100.0,61.14886621790263,182872644.05135834,Monte Carlo heuristic site-screen; not repeated NSGA-II optimization
140,CS-56;CS-17;CS-33;CS-02;CS-53;CS-42;CS-08;CS-35;CS-01;CS-03,100.0,61.505374325166514,225983729.81403518,Monte Carlo heuristic site-screen; not repeated NSGA-II optimization
141,CS-55;CS-18;CS-33;CS-02;CS-42;CS-52;CS-08;CS-01;CS-03;CS-04,100.0,62.02815762804646,225721405.43253294,Monte Carlo heuristic site-screen; not repeated NSGA-II optimization
142,CS-56;CS-17;CS-33;CS-54;CS-02;CS-41;CS-07;CS-35;CS-01;CS-03,100.0,60.341331573658664,189525933.76592332,Monte Carlo heuristic site-screen; not repeated NSGA-II optimization
143,CS-56;CS-17;CS-33;CS-54;CS-02;CS-42;CS-07;CS-35;CS-01;CS-03,100.0,62.11463277355017,229909499.72894692,Monte Carlo heuristic site-screen; not repeated NSGA-II optimization
144,CS-55;CS-17;CS-33;CS-54;CS-02;CS-39;CS-07;CS-35;CS-01;CS-03,100.0,59.2603052808146,226908825.52547032,Monte Carlo heuristic site-screen; not repeated NSGA-II optimization
145,CS-56;CS-17;CS-33;CS-54;CS-02;CS-39;CS-07;CS-35;CS-01;CS-03,100.0,60.34987132995545,163721954.5835994,Monte Carlo heuristic site-screen; not repeated NSGA-II optimization
146,CS-56;CS-18;CS-43;CS-01;CS-41;CS-07;CS-52;CS-35;CS-02;CS-03,100.0,62.71122843396522,216772301.47720522,Monte Carlo heuristic site-screen; not repeated NSGA-II optimization
147,CS-56;CS-17;CS-33;CS-54;CS-02;CS-42;CS-07;CS-35;CS-01;CS-03,100.0,61.61568697889918,181787909.29089034,Monte Carlo heuristic site-screen; not repeated NSGA-II optimization
148,CS-56;CS-17;CS-33;CS-53;CS-02;CS-41;CS-07;CS-35;CS-01;CS-03,100.0,60.48102687750215,210896752.4541397,Monte Carlo heuristic site-screen; not repeated NSGA-II optimization
149,CS-56;CS-17;CS-33;CS-02;CS-42;CS-07;CS-52;CS-01;CS-03;CS-04,100.0,61.05143210539905,200802747.14511418,Monte Carlo heuristic site-screen; not repeated NSGA-II optimization
150,CS-56;CS-17;CS-33;CS-02;CS-41;CS-07;CS-51;CS-01;CS-03;CS-04,100.0,59.34457193189834,167115718.5121199,Monte Carlo heuristic site-screen; not repeated NSGA-II optimization
151,CS-56;CS-17;CS-33;CS-54;CS-02;CS-42;CS-07;CS-35;CS-01;CS-03,100.0,60.561454433129114,217075774.25058055,Monte Carlo heuristic site-screen; not repeated NSGA-II optimization
152,CS-56;CS-18;CS-44;CS-02;CS-41;CS-52;CS-08;CS-35;CS-01;CS-03,100.0,65.18436189532753,194271827.6476897,Monte Carlo heuristic site-screen; not repeated NSGA-II optimization
153,CS-56;CS-17;CS-34;CS-54;CS-02;CS-39;CS-07;CS-35;CS-01;CS-03,100.0,60.065650713179686,164501264.66241565,Monte Carlo heuristic site-screen; not repeated NSGA-II optimization
154,CS-56;CS-18;CS-33;CS-54;CS-02;CS-42;CS-07;CS-35;CS-01;CS-03,100.0,61.641531682952746,199568362.26040944,Monte Carlo heuristic site-screen; not repeated NSGA-II optimization
155,CS-56;CS-17;CS-33;CS-02;CS-41;CS-52;CS-08;CS-01;CS-03;CS-04,100.0,61.0548582925739,240922946.52863145,Monte Carlo heuristic site-screen; not repeated NSGA-II optimization
156,CS-56;CS-18;CS-33;CS-02;CS-42;CS-52;CS-07;CS-01;CS-03;CS-04,100.0,59.944938086374464,219544515.88692945,Monte Carlo heuristic site-screen; not repeated NSGA-II optimization
157,CS-55;CS-17;CS-33;CS-54;CS-02;CS-42;CS-07;CS-35;CS-01;CS-03,100.0,61.102535024263105,161443110.41246185,Monte Carlo heuristic site-screen; not repeated NSGA-II optimization
158,CS-55;CS-18;CS-33;CS-02;CS-42;CS-52;CS-07;CS-01;CS-03;CS-04,100.0,59.90541607045415,206136818.03856233,Monte Carlo heuristic site-screen; not repeated NSGA-II optimization
159,CS-56;CS-17;CS-33;CS-54;CS-02;CS-42;CS-07;CS-35;CS-01;CS-03,100.0,60.73635603675685,223835726.25216308,Monte Carlo heuristic site-screen; not repeated NSGA-II optimization
160,CS-55;CS-17;CS-33;CS-54;CS-02;CS-41;CS-07;CS-36;CS-01;CS-03,100.0,60.69148300740795,184988557.9370801,Monte Carlo heuristic site-screen; not repeated NSGA-II optimization
161,CS-56;CS-18;CS-33;CS-02;CS-41;CS-07;CS-51;CS-01;CS-03;CS-04,100.0,59.26700991119238,232557343.19695103,Monte Carlo heuristic site-screen; not repeated NSGA-II optimization
162,CS-56;CS-17;CS-33;CS-02;CS-42;CS-52;CS-08;CS-01;CS-03;CS-04,100.0,59.8390642809714,167019580.646777,Monte Carlo heuristic site-screen; not repeated NSGA-II optimization
163,CS-56;CS-23;CS-37;CS-02;CS-51;CS-09;CS-07;CS-01;CS-03;CS-04,100.0,64.71386369643417,179224803.98505297,Monte Carlo heuristic site-screen; not repeated NSGA-II optimization
164,CS-55;CS-17;CS-33;CS-54;CS-02;CS-41;CS-07;CS-35;CS-01;CS-03,100.0,61.79420491283365,191417367.40099812,Monte Carlo heuristic site-screen; not repeated NSGA-II optimization
165,CS-56;CS-17;CS-33;CS-02;CS-42;CS-52;CS-08;CS-01;CS-03;CS-04,100.0,59.41859855846596,176144171.8282003,Monte Carlo heuristic site-screen; not repeated NSGA-II optimization
166,CS-56;CS-17;CS-33;CS-02;CS-42;CS-51;CS-07;CS-01;CS-03;CS-04,100.0,58.850350226266514,165699578.20533818,Monte Carlo heuristic site-screen; not repeated NSGA-II optimization
167,CS-56;CS-17;CS-33;CS-54;CS-02;CS-40;CS-07;CS-35;CS-01;CS-03,100.0,60.24300144664142,174517988.0759381,Monte Carlo heuristic site-screen; not repeated NSGA-II optimization
168,CS-55;CS-17;CS-33;CS-54;CS-02;CS-42;CS-07;CS-35;CS-01;CS-03,100.0,61.26748527493648,204670793.72620466,Monte Carlo heuristic site-screen; not repeated NSGA-II optimization
169,CS-55;CS-18;CS-33;CS-53;CS-02;CS-42;CS-07;CS-35;CS-01;CS-03,100.0,60.13129151458884,210138897.65880114,Monte Carlo heuristic site-screen; not repeated NSGA-II optimization
170,CS-56;CS-18;CS-33;CS-02;CS-41;CS-52;CS-07;CS-01;CS-03;CS-04,100.0,60.05310020020105,189531870.08883443,Monte Carlo heuristic site-screen; not repeated NSGA-II optimization
171,CS-56;CS-17;CS-33;CS-54;CS-02;CS-42;CS-07;CS-35;CS-01;CS-03,100.0,61.44425767426279,174004206.8320866,Monte Carlo heuristic site-screen; not repeated NSGA-II optimization
172,CS-55;CS-23;CS-37;CS-02;CS-15;CS-52;CS-07;CS-01;CS-03;CS-04,100.0,62.2642188179294,233613431.0261439,Monte Carlo heuristic site-screen; not repeated NSGA-II optimization
173,CS-55;CS-17;CS-33;CS-02;CS-42;CS-08;CS-51;CS-01;CS-03;CS-04,100.0,59.76309950390897,181056779.16623825,Monte Carlo heuristic site-screen; not repeated NSGA-II optimization
174,CS-56;CS-17;CS-34;CS-02;CS-54;CS-39;CS-07;CS-35;CS-01;CS-03,100.0,58.45441679370901,176560547.3177999,Monte Carlo heuristic site-screen; not repeated NSGA-II optimization
175,CS-56;CS-23;CS-38;CS-02;CS-10;CS-07;CS-51;CS-01;CS-03;CS-04,100.0,63.11174584335638,236459575.73565114,Monte Carlo heuristic site-screen; not repeated NSGA-II optimization
176,CS-56;CS-17;CS-33;CS-02;CS-41;CS-52;CS-07;CS-01;CS-03;CS-04,100.0,61.33420257535928,171281431.59279716,Monte Carlo heuristic site-screen; not repeated NSGA-II optimization
177,CS-56;CS-17;CS-33;CS-54;CS-02;CS-39;CS-07;CS-35;CS-01;CS-03,100.0,59.86906247244208,214232417.1115648,Monte Carlo heuristic site-screen; not repeated NSGA-II optimization
178,CS-55;CS-17;CS-33;CS-53;CS-02;CS-39;CS-07;CS-35;CS-01;CS-03,100.0,60.46200784144281,223945122.72353655,Monte Carlo heuristic site-screen; not repeated NSGA-II optimization
179,CS-55;CS-17;CS-33;CS-54;CS-02;CS-41;CS-08;CS-35;CS-01;CS-03,100.0,60.12769677249047,188078088.8960675,Monte Carlo heuristic site-screen; not repeated NSGA-II optimization
180,CS-55;CS-17;CS-33;CS-54;CS-02;CS-41;CS-07;CS-35;CS-01;CS-03,100.0,61.35548755910112,179575039.50526989,Monte Carlo heuristic site-screen; not repeated NSGA-II optimization
181,CS-55;CS-17;CS-33;CS-54;CS-02;CS-42;CS-07;CS-36;CS-01;CS-03,100.0,60.621548354732724,193087600.52126855,Monte Carlo heuristic site-screen; not repeated NSGA-II optimization
182,CS-56;CS-18;CS-33;CS-02;CS-41;CS-51;CS-07;CS-35;CS-01;CS-03,100.0,60.50383955583838,187905594.13866386,Monte Carlo heuristic site-screen; not repeated NSGA-II optimization
183,CS-56;CS-17;CS-33;CS-54;CS-02;CS-39;CS-08;CS-35;CS-01;CS-03,100.0,59.68075907766792,209079808.4406351,Monte Carlo heuristic site-screen; not repeated NSGA-II optimization
184,CS-56;CS-18;CS-33;CS-02;CS-52;CS-42;CS-07;CS-01;CS-03;CS-04,100.0,61.08474077152843,228814666.33795908,Monte Carlo heuristic site-screen; not repeated NSGA-II optimization
185,CS-55;CS-17;CS-33;CS-53;CS-02;CS-40;CS-07;CS-35;CS-01;CS-03,100.0,59.80854929761746,230091132.74305263,Monte Carlo heuristic site-screen; not repeated NSGA-II optimization
186,CS-55;CS-17;CS-34;CS-53;CS-02;CS-42;CS-08;CS-35;CS-01;CS-03,100.0,61.52355907959721,218192784.49047643,Monte Carlo heuristic site-screen; not repeated NSGA-II optimization
187,CS-56;CS-17;CS-33;CS-54;CS-02;CS-40;CS-08;CS-35;CS-01;CS-03,100.0,59.59719433358308,185577913.1395091,Monte Carlo heuristic site-screen; not repeated NSGA-II optimization
188,CS-56;CS-17;CS-33;CS-54;CS-02;CS-42;CS-07;CS-35;CS-01;CS-03,100.0,60.273005367877715,164118304.43323913,Monte Carlo heuristic site-screen; not repeated NSGA-II optimization
189,CS-56;CS-17;CS-33;CS-54;CS-01;CS-42;CS-07;CS-35;CS-02;CS-03,100.0,59.3303350522042,167517189.1634212,Monte Carlo heuristic site-screen; not repeated NSGA-II optimization
190,CS-56;CS-17;CS-33;CS-54;CS-02;CS-41;CS-07;CS-35;CS-01;CS-03,100.0,62.134901959170385,222925134.7215801,Monte Carlo heuristic site-screen; not repeated NSGA-II optimization
191,CS-55;CS-18;CS-33;CS-53;CS-02;CS-40;CS-07;CS-35;CS-01;CS-03,100.0,59.2018704085814,171059790.45980513,Monte Carlo heuristic site-screen; not repeated NSGA-II optimization
192,CS-55;CS-17;CS-44;CS-54;CS-02;CS-42;CS-35;CS-07;CS-01;CS-03,100.0,63.639480238256475,225292699.04574946,Monte Carlo heuristic site-screen; not repeated NSGA-II optimization
193,CS-55;CS-17;CS-33;CS-02;CS-41;CS-51;CS-07;CS-01;CS-03;CS-04,100.0,60.997411917487554,195837662.87051985,Monte Carlo heuristic site-screen; not repeated NSGA-II optimization
194,CS-56;CS-18;CS-33;CS-02;CS-42;CS-52;CS-07;CS-01;CS-03;CS-04,100.0,59.83620818685604,224439046.8226403,Monte Carlo heuristic site-screen; not repeated NSGA-II optimization
195,CS-55;CS-17;CS-33;CS-02;CS-41;CS-52;CS-08;CS-01;CS-03;CS-04,100.0,59.24581824206868,184581601.85898164,Monte Carlo heuristic site-screen; not repeated NSGA-II optimization
196,CS-55;CS-17;CS-44;CS-54;CS-02;CS-41;CS-35;CS-08;CS-01;CS-03,100.0,63.47506608450158,228650616.20156452,Monte Carlo heuristic site-screen; not repeated NSGA-II optimization
197,CS-56;CS-18;CS-33;CS-02;CS-42;CS-51;CS-08;CS-01;CS-03;CS-04,100.0,60.90279591651192,181001609.65814623,Monte Carlo heuristic site-screen; not repeated NSGA-II optimization
198,CS-56;CS-17;CS-33;CS-54;CS-02;CS-39;CS-08;CS-35;CS-01;CS-03,100.0,59.71891764624567,214486235.63812488,Monte Carlo heuristic site-screen; not repeated NSGA-II optimization
199,CS-56;CS-18;CS-33;CS-54;CS-02;CS-41;CS-07;CS-35;CS-01;CS-03,100.0,60.31262159082237,235108980.6628093,Monte Carlo heuristic site-screen; not repeated NSGA-II optimization
200,CS-55;CS-18;CS-33;CS-02;CS-42;CS-51;CS-07;CS-01;CS-03;CS-04,100.0,59.96958803779923,175371185.06961063,Monte Carlo heuristic site-screen; not repeated NSGA-II optimization
201,CS-55;CS-17;CS-33;CS-02;CS-42;CS-52;CS-07;CS-01;CS-03;CS-04,100.0,62.17008751922336,213697043.96855912,Monte Carlo heuristic site-screen; not repeated NSGA-II optimization
202,CS-56;CS-17;CS-33;CS-54;CS-02;CS-39;CS-08;CS-35;CS-01;CS-03,100.0,60.51009925290103,200932819.60353416,Monte Carlo heuristic site-screen; not repeated NSGA-II optimization
203,CS-55;CS-17;CS-33;CS-54;CS-02;CS-40;CS-07;CS-35;CS-01;CS-03,100.0,60.275791738773506,220821391.01668754,Monte Carlo heuristic site-screen; not repeated NSGA-II optimization
204,CS-56;CS-18;CS-33;CS-54;CS-02;CS-41;CS-07;CS-35;CS-01;CS-03,100.0,60.217784309044596,234331498.27709487,Monte Carlo heuristic site-screen; not repeated NSGA-II optimization
205,CS-56;CS-18;CS-33;CS-02;CS-42;CS-07;CS-52;CS-01;CS-03;CS-04,100.0,59.58752056521871,178275917.71968967,Monte Carlo heuristic site-screen; not repeated NSGA-II optimization
206,CS-56;CS-17;CS-33;CS-02;CS-41;CS-07;CS-52;CS-01;CS-03;CS-04,100.0,59.36171991174165,167937094.93135172,Monte Carlo heuristic site-screen; not repeated NSGA-II optimization
207,CS-55;CS-23;CS-37;CS-02;CS-09;CS-52;CS-07;CS-01;CS-03;CS-04,100.0,65.12813606839919,212820593.35720342,Monte Carlo heuristic site-screen; not repeated NSGA-II optimization
208,CS-56;CS-17;CS-33;CS-54;CS-02;CS-40;CS-07;CS-35;CS-01;CS-03,100.0,59.92267221636063,159116117.22592363,Monte Carlo heuristic site-screen; not repeated NSGA-II optimization
209,CS-56;CS-23;CS-33;CS-54;CS-02;CS-39;CS-12;CS-07;CS-35;CS-01,100.0,63.13814036944066,223336594.56651828,Monte Carlo heuristic site-screen; not repeated NSGA-II optimization
210,CS-56;CS-17;CS-33;CS-02;CS-41;CS-51;CS-07;CS-35;CS-01;CS-03,100.0,60.88005642423012,224953077.39128155,Monte Carlo heuristic site-screen; not repeated NSGA-II optimization
211,CS-56;CS-18;CS-44;CS-02;CS-41;CS-52;CS-07;CS-35;CS-01;CS-03,100.0,63.21038403244251,163601110.6189917,Monte Carlo heuristic site-screen; not repeated NSGA-II optimization
212,CS-56;CS-17;CS-34;CS-02;CS-42;CS-52;CS-07;CS-01;CS-03;CS-04,100.0,61.31465098780045,167564272.66969496,Monte Carlo heuristic site-screen; not repeated NSGA-II optimization
213,CS-56;CS-18;CS-33;CS-02;CS-41;CS-52;CS-07;CS-01;CS-03;CS-04,100.0,61.34710413466436,163889419.87244856,Monte Carlo heuristic site-screen; not repeated NSGA-II optimization
214,CS-56;CS-23;CS-33;CS-54;CS-02;CS-11;CS-39;CS-07;CS-36;CS-01,100.0,63.74832352487936,175447074.44131848,Monte Carlo heuristic site-screen; not repeated NSGA-II optimization
215,CS-55;CS-23;CS-33;CS-54;CS-02;CS-11;CS-39;CS-07;CS-35;CS-01,100.0,63.49330791944752,215085817.75560954,Monte Carlo heuristic site-screen; not repeated NSGA-II optimization
216,CS-56;CS-17;CS-33;CS-54;CS-02;CS-41;CS-08;CS-35;CS-01;CS-03,100.0,59.517602183014226,194649392.59885168,Monte Carlo heuristic site-screen; not repeated NSGA-II optimization
217,CS-56;CS-17;CS-33;CS-02;CS-42;CS-51;CS-07;CS-01;CS-03;CS-04,100.0,59.84661449257127,202840622.52330533,Monte Carlo heuristic site-screen; not repeated NSGA-II optimization
218,CS-56;CS-17;CS-33;CS-54;CS-02;CS-39;CS-07;CS-35;CS-01;CS-03,100.0,59.441213262284165,224687869.8671943,Monte Carlo heuristic site-screen; not repeated NSGA-II optimization
219,CS-56;CS-18;CS-34;CS-54;CS-02;CS-41;CS-08;CS-35;CS-01;CS-03,100.0,60.486742166104015,198327964.62667644,Monte Carlo heuristic site-screen; not repeated NSGA-II optimization
220,CS-56;CS-18;CS-33;CS-53;CS-02;CS-42;CS-07;CS-35;CS-01;CS-03,100.0,61.19560494155495,208455123.76074195,Monte Carlo heuristic site-screen; not repeated NSGA-II optimization
221,CS-56;CS-23;CS-33;CS-02;CS-53;CS-39;CS-11;CS-07;CS-35;CS-01,100.0,64.27961564602859,220865987.29444978,Monte Carlo heuristic site-screen; not repeated NSGA-II optimization
222,CS-55;CS-18;CS-33;CS-02;CS-41;CS-51;CS-08;CS-01;CS-03;CS-04,100.0,60.3001630877511,225845900.56217965,Monte Carlo heuristic site-screen; not repeated NSGA-II optimization
223,CS-56;CS-17;CS-33;CS-02;CS-42;CS-52;CS-07;CS-01;CS-03;CS-04,100.0,60.53382644779583,223779911.60836676,Monte Carlo heuristic site-screen; not repeated NSGA-II optimization
224,CS-56;CS-17;CS-34;CS-53;CS-02;CS-39;CS-07;CS-35;CS-01;CS-03,100.0,58.804848757281945,226712768.80419725,Monte Carlo heuristic site-screen; not repeated NSGA-II optimization
225,CS-55;CS-18;CS-33;CS-54;CS-02;CS-42;CS-07;CS-35;CS-01;CS-03,100.0,62.04810746243615,228403117.34145182,Monte Carlo heuristic site-screen; not repeated NSGA-II optimization
226,CS-56;CS-17;CS-34;CS-54;CS-02;CS-39;CS-08;CS-35;CS-01;CS-03,100.0,60.124457978945046,201354469.83418328,Monte Carlo heuristic site-screen; not repeated NSGA-II optimization
227,CS-55;CS-17;CS-33;CS-54;CS-02;CS-42;CS-07;CS-35;CS-01;CS-03,100.0,61.85243005375064,201987974.94668037,Monte Carlo heuristic site-screen; not repeated NSGA-II optimization
228,CS-55;CS-17;CS-33;CS-02;CS-42;CS-52;CS-08;CS-01;CS-03;CS-04,100.0,61.32699678231563,241009379.1947686,Monte Carlo heuristic site-screen; not repeated NSGA-II optimization
229,CS-56;CS-18;CS-34;CS-54;CS-02;CS-42;CS-08;CS-36;CS-01;CS-03,100.0,60.30386415844896,187225849.67167318,Monte Carlo heuristic site-screen; not repeated NSGA-II optimization
230,CS-56;CS-18;CS-33;CS-54;CS-02;CS-39;CS-07;CS-35;CS-01;CS-03,100.0,59.620050372391596,174061761.46314394,Monte Carlo heuristic site-screen; not repeated NSGA-II optimization
231,CS-55;CS-17;CS-33;CS-02;CS-42;CS-52;CS-07;CS-01;CS-03;CS-04,100.0,59.141137441260994,239729489.84447587,Monte Carlo heuristic site-screen; not repeated NSGA-II optimization
232,CS-55;CS-17;CS-33;CS-02;CS-42;CS-52;CS-07;CS-01;CS-03;CS-04,100.0,59.833031966431314,173860432.21696234,Monte Carlo heuristic site-screen; not repeated NSGA-II optimization
233,CS-56;CS-18;CS-33;CS-54;CS-02;CS-42;CS-07;CS-35;CS-01;CS-03,100.0,62.41417532632506,223818984.14096352,Monte Carlo heuristic site-screen; not repeated NSGA-II optimization
234,CS-56;CS-17;CS-33;CS-02;CS-41;CS-07;CS-52;CS-01;CS-03;CS-04,100.0,59.21108680684579,235645418.95375365,Monte Carlo heuristic site-screen; not repeated NSGA-II optimization
235,CS-56;CS-17;CS-33;CS-02;CS-42;CS-52;CS-07;CS-01;CS-03;CS-04,100.0,61.10253421899411,177705575.45423403,Monte Carlo heuristic site-screen; not repeated NSGA-II optimization
236,CS-55;CS-23;CS-38;CS-02;CS-09;CS-52;CS-08;CS-01;CS-03;CS-04,100.0,61.91677361186537,202335592.7427712,Monte Carlo heuristic site-screen; not repeated NSGA-II optimization
237,CS-56;CS-17;CS-33;CS-54;CS-02;CS-41;CS-07;CS-35;CS-01;CS-03,100.0,60.79284604966799,214789356.28057575,Monte Carlo heuristic site-screen; not repeated NSGA-II optimization
238,CS-55;CS-17;CS-33;CS-02;CS-41;CS-08;CS-52;CS-01;CS-03;CS-04,100.0,59.76582024063308,238000158.45132616,Monte Carlo heuristic site-screen; not repeated NSGA-II optimization
239,CS-55;CS-17;CS-33;CS-54;CS-02;CS-41;CS-08;CS-35;CS-01;CS-03,100.0,60.89129157731641,199457819.2066671,Monte Carlo heuristic site-screen; not repeated NSGA-II optimization
240,CS-56;CS-17;CS-33;CS-54;CS-02;CS-42;CS-08;CS-36;CS-01;CS-03,100.0,61.83465347663787,191216833.29087013,Monte Carlo heuristic site-screen; not repeated NSGA-II optimization
241,CS-56;CS-17;CS-33;CS-53;CS-02;CS-42;CS-07;CS-35;CS-01;CS-03,100.0,60.22067863801226,186566585.52197096,Monte Carlo heuristic site-screen; not repeated NSGA-II optimization
242,CS-55;CS-17;CS-34;CS-02;CS-42;CS-51;CS-08;CS-01;CS-03;CS-04,100.0,59.401908001155235,179875589.33837608,Monte Carlo heuristic site-screen; not repeated NSGA-II optimization
243,CS-56;CS-18;CS-33;CS-02;CS-42;CS-52;CS-07;CS-01;CS-03;CS-04,100.0,59.345192510153886,215925425.40272555,Monte Carlo heuristic site-screen; not repeated NSGA-II optimization
244,CS-56;CS-17;CS-33;CS-54;CS-02;CS-41;CS-07;CS-35;CS-01;CS-03,100.0,61.9343519583083,220442154.0565014,Monte Carlo heuristic site-screen; not repeated NSGA-II optimization
245,CS-56;CS-17;CS-33;CS-02;CS-42;CS-51;CS-07;CS-01;CS-03;CS-04,100.0,59.9028869590071,221059634.2922789,Monte Carlo heuristic site-screen; not repeated NSGA-II optimization
246,CS-56;CS-18;CS-33;CS-54;CS-02;CS-42;CS-07;CS-35;CS-01;CS-03,100.0,60.58977683464059,195601883.7835564,Monte Carlo heuristic site-screen; not repeated NSGA-II optimization
247,CS-56;CS-18;CS-33;CS-02;CS-42;CS-51;CS-07;CS-01;CS-03;CS-04,100.0,60.847886233004274,223895170.05857977,Monte Carlo heuristic site-screen; not repeated NSGA-II optimization
248,CS-56;CS-17;CS-33;CS-54;CS-02;CS-41;CS-07;CS-35;CS-01;CS-03,100.0,61.97035174842019,209962988.77076387,Monte Carlo heuristic site-screen; not repeated NSGA-II optimization
249,CS-56;CS-18;CS-33;CS-54;CS-01;CS-41;CS-07;CS-35;CS-02;CS-03,100.0,60.655935635911874,207731422.3354687,Monte Carlo heuristic site-screen; not repeated NSGA-II optimization
250,CS-56;CS-23;CS-44;CS-39;CS-02;CS-54;CS-11;CS-07;CS-35;CS-01,100.0,66.3911882417578,193197677.69122228,Monte Carlo heuristic site-screen; not repeated NSGA-II optimization
