junction_id,corridor_name,lon,lat,peak_pcu_per_hr,offpeak_pcu_per_hr,commercial_pct,two_wheeler_pct,three_wheeler_pct,avg_speed_kmh
DTCA-JUNC-001,Airport_Hub to Uttara_Sec3,90.3978,23.8557,3800,1710,33.2,41.1,18.5,27.0
DTCA-JUNC-002,Uttara_Sec3 to Uttara_Sec11,90.3914,23.87125,2400,1080,26.2,38.7,26.5,35.0
DTCA-JUNC-003,Airport_Hub to Mohakhali_Terminal,90.4006,23.8107,5200,2340,28.4,25.2,19.0,31.5
DTCA-JUNC-004,Airport_Hub to Purbachal_300ft,90.4275,23.83265,4500,2025,19.9,40.6,23.5,36.0
DTCA-JUNC-005,Mohakhali_Terminal to Gulshan_1,90.40895,23.77905,3200,1440,33.6,26.2,25.2,31.499999999999996
DTCA-JUNC-006,Gulshan_1 to Gulshan_2,90.41585,23.78625,2800,1260,29.2,27.8,15.9,28.0
DTCA-JUNC-007,Gulshan_2 to Baridhara_Diplomatic,90.418,23.79575,1900,855,16.9,35.8,27.7,24.5
DTCA-JUNC-008,Gulshan_2 to Banani_11,90.4096,23.79305,2200,990,23.7,30.5,16.7,24.5
DTCA-JUNC-009,Gulshan_1 to Badda_Pragati_Sarani,90.42085,23.7775,3500,1575,17.2,30.6,27.2,28.0
DTCA-JUNC-010,Badda_Pragati_Sarani to Hatirjheel_North,90.4165,23.7725,3000,1350,31.2,29.6,18.8,31.499999999999996
DTCA-JUNC-011,Hatirjheel_North to Tejgaon_Industrial,90.40315,23.765,2600,1170,28.6,39.1,19.8,31.499999999999996
DTCA-JUNC-012,Mohakhali_Terminal to Tejgaon_Industrial,90.39975,23.76905,3400,1530,20.2,39.4,24.5,31.499999999999996
DTCA-JUNC-013,Tejgaon_Industrial to Kawran_Bazar_CBD,90.39525,23.7554,3800,1710,28.0,34.7,24.4,18.0
DTCA-JUNC-014,Tejgaon_Industrial to Farmgate_Hub,90.3932,23.7586,4200,1890,20.5,37.8,21.5,18.0
DTCA-JUNC-015,Farmgate_Hub to Shahbagh_Square,90.3921,23.7479,3900,1755,32.8,37.1,27.9,18.0
DTCA-JUNC-016,Shahbagh_Square to Motijheel_CBD,90.4072,23.73585,4600,2070,32.4,31.6,18.9,18.0
DTCA-JUNC-017,Motijheel_CBD to Kamalapur_Railway,90.42165,23.73255,2500,1125,19.0,42.3,26.5,21.0
DTCA-JUNC-018,Motijheel_CBD to Old_Dhaka_Sadarghat,90.41415,23.71905,3100,1395,17.9,26.9,23.8,17.5
DTCA-JUNC-019,Old_Dhaka_Sadarghat to Old_Dhaka_Lalbagh,90.399,23.712,2200,990,27.3,36.8,16.5,17.5
DTCA-JUNC-020,Motijheel_CBD to Sayedabad_Terminal,90.4232,23.72585,4100,1845,32.8,35.2,27.3,15.75
DTCA-JUNC-021,Sayedabad_Terminal to Jatrabari_Flyover_Hub,90.43155,23.71485,4900,2205,15.7,26.8,16.9,27.0
DTCA-JUNC-022,Farmgate_Hub to Dhanmondi_27,90.38155,23.7546,3300,1485,15.4,26.3,17.1,28.0
DTCA-JUNC-023,Dhanmondi_27 to Dhanmondi_8A,90.375,23.74905,2100,945,15.6,35.4,29.7,24.5
DTCA-JUNC-024,Dhanmondi_27 to Shyamoli_Square,90.3685,23.762,3600,1620,29.6,32.6,22.0,20.25
DTCA-JUNC-025,Dhanmondi_8A to Mohammadpur_Townhall,90.368,23.75205,2300,1035,26.7,43.7,29.5,21.0
DTCA-JUNC-026,Shyamoli_Square to Gabtoli_Terminal,90.3535,23.7785,4200,1890,20.2,40.5,16.7,22.5
DTCA-JUNC-027,Shyamoli_Square to Mirpur_1,90.3581,23.7835,3900,1755,32.6,37.5,18.5,20.25
DTCA-JUNC-028,Mirpur_1 to Mirpur_10_Circle,90.3614,23.80105,4300,1935,17.4,29.7,19.4,20.25
DTCA-JUNC-029,Mirpur_10_Circle to Mirpur_12,90.3665,23.81565,3100,1395,28.5,38.4,23.4,31.499999999999996
DTCA-JUNC-030,Mirpur_10_Circle to Mohakhali_Terminal,90.3849,23.7926,4800,2160,32.1,26.3,17.5,18.0
